 ,221701_056,231687_008,233379_037,233795_072,221090_098,221417_015,221418_139,231686_050,233379_030,233379_097,233379_130,233666_218,221090_092,221090_093,221091_113,221091_125,221418_127,221418_131,221418_132,221418_135,221418_150,221477_059,221515_017,231687_014,233379_123,233667_269,233284_183
="MOp6a",="51.303",="2.0727",="545.2791",="389.1662",="528.5632",="380.6858",="0",="376.9386",="353.252",="830.6317",="153.5271",="0",="494.3814",="796.6972",="360.1263",="0",="0",="0",="0",="0",="0",="455.1405",="342.4259",="88.0705",="0",="0",="0"
="MOs1",="882.4131",="521.8514",="0",="776.6138",="2269.3334",="0",="0",="133.1602",="0",="4099.0605",="739.8495",="1883.0286",="839.7935",="0",="0",="0",="0",="0",="417.99",="30.8509",="162.6533",="1806.185",="0",="4130.4309",="106.5679",="0",="0"
="MOs2/3",="462.2326",="1360.3976",="573.0544",="3560.4547",="21.1426",="0",="0",="0",="0",="1423.7823",="302.3646",="2225.6598",="805.9502",="0",="0",="0",="0",="0",="3792.039",="288.1265",="476.9649",="727.7713",="0",="1558.3211",="271.5481",="0",="0"
="MOs6a",="908.6149",="629.3999",="1076.5455",="1080.4126",="691.0352",="579.8475",="63.3071",="583.4025",="653.6997",="1011.8914",="506.492",="225.6686",="803.6593",="554.7264",="434.9166",="404.624",="1017.7868",="323.4872",="1212.1832",="0",="0",="1232.0881",="492.7554",="1019.4752",="905.8583",="389.9551",="0"
="VISam1",="222.5215",="0",="0",="0",="652.1731",="218.1602",="614.9055",="0",="0",="2869.6851",="1413.6897",="22.9096",="0",="0",="235.6934",="334.9346",="655.1799",="265.8152",="3575.2607",="0",="415.1974",="1363.1317",="0",="2096.9023",="56.313",="0",="1584.9923"
="VISam2/3",="76.5712",="0",="0",="0",="419.5759",="40.9927",="832.1638",="0",="0",="1141.1933",="715.4862",="366.9394",="0",="0",="233.5173",="297.0631",="1959.6878",="4411.2088",="5540.8947",="173.5497",="26.1816",="3585.3011",="208.1977",="1543.6911",="954.8861",="0",="238.3843"
="VISam6a",="454.3575",="85.5194",="0",="0",="362.2259",="0",="423.8111",="0",="0",="0",="771.9415",="0",="318.6555",="0",="0",="0",="0",="1294.1143",="740.3969",="140.8223",="1042.4678",="195.58",="141.4905",="731.6957",="739.8853",="155.2604",="312.3896"
="VISam6b",="554.3977",="454.6699",="0",="0",="51.1215",="0",="0",="0",="0",="155.0516",="11.9072",="112.1963",="161.8743",="0",="0",="0",="0",="0",="0",="124.8365",="0",="0",="47.6188",="0",="0",="0",="0"
="VISp1",="1909.1637",="3732.8646",="4937.682",="3056.4839",="231.3214",="38148.2743",="1200.3767",="0",="10525.3178",="5642.3125",="8960.774",="6578.3651",="12484.3328",="8873.463",="6182.4085",="2764.4712",="928.9251",="3707.3609",="3575.1268",="1123.261",="9266.8179",="4072.5839",="6975.7286",="18118.1844",="5783.5297",="9986.8656",="27118.5438"
="VISp2/3",="3974.7058",="3678.8609",="18716.8344",="6127.861199999999",="76.6351",="10111.0909",="6570.1068",="0",="4634.9761",="3895.4285",="6519.3778999999995",="4072.4687",="8660.1553",="7377.4748",="3471.8821",="2578.2613",="270.7625",="5810.6616",="3029.6229",="1310.7459999999999",="2474.6395",="3571.7028",="11431.8966",="3761.0497",="2594.0919",="1637.9157",="3944.2034"
="VISp4",="2028.8115",="1294.3764",="2682.8567",="533.6123",="943.3422",="13873.605",="3426.8582",="33.0106",="3828.475",="4281.6381",="16356.194",="5454.3252",="3183.6127",="2599.9165",="1959.6579",="1688.2881",="923.5431",="2271.6528",="746.1591",="1103.7419",="2666.338",="4390.781099999999",="6186.5104",="3782.5088",="4901.3087",="2257.2269",="2007.6653"
="VISp5",="2328.8552",="1755.6344",="1777.5042",="1702.559",="3894.2141",="6990.348",="10796.0308",="447.5501",="3920.4063",="3598.9518",="10298.052500000002",="5813.2152",="8725.1163",="8189.1244",="4008.4871",="7393.0749",="5134.4081",="10557.9844",="2473.5326",="5062.6666",="4040.1545",="10320.6988",="11902.1038",="9474.3272",="8525.7361",="4575.3985999999995",="3454.0718"
="VISp6a",="1023.8204",="597.4982",="357.4758",="0",="3423.6131",="4194.3148",="2989.3728",="651.871",="1007.3084",="1456.7189",="1554.8952",="1084.0141",="1780.1564",="2257.3929",="2610.286",="1403.0287",="1218.4795",="1844.0993",="2092.0471",="2409.3642",="1372.202",="3546.9467",="5903.0616",="1441.4027",="1220.1485",="6151.8135999999995",="4785.3327"
="VISp6b",="152.1382",="0",="13.358",="0",="169.8521",="1659.213",="321.9719",="179.8906",="450.8772",="414.9527",="1197.3233",="199.2939",="820.518",="664.3279",="542.415",="150.7129",="186.0028",="202.5745",="398.6809",="167.7378",="356.7768",="179.9508",="1089.0166",="609.6953",="132.6085",="710.6216",="2771.5366"
="VISpm1",="911.4816",="0",="0",="0",="927.0973",="398.6508",="205.3631",="0",="0",="3824.567",="1374.7965",="0",="0",="0",="0",="3771.9695",="1440.3859",="650.4659",="5765.2672999999995",="974.9999",="510.8542",="130.649",="1317.7138",="1622.0689",="169.0203",="0",="4637.5494"
="VISpm2/3",="781.0062",="0",="123.6873",="0",="1017.9666",="73.4242",="1997.5098",="0",="0",="1383.1059",="268.8429",="0",="0",="0",="709.8784",="2135.8925",="2749.3789",="3352.3358",="8173.4653",="539.3848",="1339.5511999999999",="942.277",="2349.0438",="1422.8284",="1197.6863",="0",="0"
="VISpm4",="200.8255",="0",="0",="0",="349.0028",="0",="263.3382",="0",="0",="1326.6893",="21.1626",="0",="0",="0",="0",="248.4873",="1107.7117",="1125.4142",="1965.0765000000001",="1010.0789",="34.5719",="102.4738",="2064.0654",="270.5939",="379.0577",="0",="0"
="VISpm5",="591.1627",="0",="0",="0",="295.1025",="0",="1662.3598",="0",="0",="988.1631",="510.2862",="469.3984",="0",="0",="0",="1276.0122",="1416.964",="3872.9487",="5190.2442",="2159.2718",="0",="1808.2429",="2330.2965",="306.8736",="1326.5241",="0",="411.9804"
="VISpm6a",="1023.8638",="347.5751",="0",="0",="602.9443",="0",="497.6971",="0",="0",="725.6276",="575.6867",="0",="163.4512",="0",="83.5813",="12.1164",="0",="888.8251",="416.2417",="560.7939",="386.0163",="658.0699",="1751.1492",="229.7714",="414.7055",="598.3872",="986.7041"
="ACAd1",="837.1358",="1183.658",="0",="0",="14466.7064",="461.8539",="0",="4799.3498",="1611.7544",="4283.8552",="7224.2872",="7156.979",="9394.221500000001",="1063.0157",="0",="1124.5896",="0",="909.1812",="923.3425",="1750.0441",="2493.5545",="24381.9802",="0",="14525.797",="1742.4954",="90.095",="0"
="ACAd2/3",="3340.5468",="2027.8371",="0",="0",="956.6934",="414.4866",="0",="883.1611",="217.7587",="917.2126",="1342.4614",="5716.552",="7186.7741",="1328.5412",="0",="441.1287",="0",="1998.339",="1645.3885",="7175.8672",="346.4805",="3951.5681",="0",="3466.7196",="1469.7863",="260.1334",="0"
="ACAd5",="3969.0718",="1812.2587",="10.5193",="1241.5991",="1018.8815",="608.3792",="2094.1232",="1351.0434",="565.0227",="221.0173",="1175.8109",="2590.1317",="4532.2268",="778.0745",="150.4243",="0",="150.7291",="2846.5965",="418.9066",="1781.7516",="0",="4382.0948",="0",="1489.8589",="971.1367",="463.0438",="320.442"
="ACAd6a",="681.7051",="187.0352",="0",="0",="790.6887",="1256.4524",="1637.563",="727.573",="22.4235",="0",="735.0447",="1537.2238",="1366.9438",="1131.4215",="1441.2221",="899.096",="0",="0",="421.6334",="260.7164",="0",="323.7138",="1272.1659",="770.8002",="460.4831",="145.9857",="0"
="RSPagl1",="62.9876",="0",="0",="0",="11123.3833",="5440.2698",="8.7399",="0",="542.1849",="314.0616",="0",="552.3732",="0",="0",="1755.8682000000001",="17572.0273",="5159.2629",="601.7912",="4756.6954000000005",="0",="5660.314899999999",="4115.5007",="551.3732",="3113.5838",="152.4134",="0",="213.1124"
="RSPagl6a",="1475.9714",="0",="0",="0",="432.7522",="0",="1082.2793",="0",="301.4179",="655.4295",="697.22",="671.4302",="721.0481",="390.6885",="694.7159",="1309.0436",="0",="2751.5544",="3206.3659",="0",="723.9756",="844.26",="1071.2656",="231.3425",="1222.1601",="871.7838",="532.9225"
="CP",="11740.4148",="0",="0",="0",="7182.4733",="30078.5113",="6846.7809",="23179.0064",="20640.5912",="0",="0",="32462.4055",="3439.0015",="3932.5358",="27724.1763",="1105.0377",="25449.0939",="11694.6371",="37306.6623",="14060.192",="0",="549.0086",="0",="0",="18790.0922",="17631.449",="0"
="alv",="7.5074",="0",="0",="0",="0",="0",="0",="0",="0",="0",="0",="0",="0",="10.3307",="0",="0",="0",="0",="0",="690.2723",="0",="0",="0",="0",="0",="0",="0"
="ccb",="2544.8128",="0",="0",="0",="460.4494",="637.7189",="333.8098",="0",="457.4754",="0",="0",="0",="1322.0985",="1683.0492",="0",="2791.5492",="255.5749",="0",="1230.4809",="1241.0372",="0",="0",="0",="0",="381.0046",="19.3984",="0"
="or",="1577.4018",="0",="0",="614.5714",="2487.7843",="2451.6866",="1465.3212",="1909.2844",="2472.673",="573.6421",="2667.3394",="1267.9516",="2117.3193",="1653.4178",="2807.9768",="62.1743",="731.381",="117.2607",="1109.918",="301.9764",="599.5716",="3739.4359000000004",="80.0051",="570.6668",="2374.6845",="4715.2742",="1726.1906"
="cing",="1100.854",="503.3787",="0",="948.9048",="2269.9087",="454.4191",="2747.2634",="0",="2621.9622",="310.2528",="553.4247",="522.1894",="0",="1276.8785",="468.27389999999997",="1714.6207",="1862.0765000000001",="2260.2538999999997",="5748.3837",="1915.2849",="2493.7679",="270.1578",="1610.9912",="1494.3422",="1401.9214",="1084.5311",="0"
="SEZ",="188.8209",="0",="0",="0",="0",="198.1226",="268.5851",="0",="96.4921",="0",="0",="0",="519.1819",="0",="76.6768",="404.1141",="0",="0",="7.2152",="1006.8333",="0",="0",="0",="0",="0",="0",="0"
="SSp-bfd4",="0",="22.7313",="0",="255.9079",="0",="0",="0",="0",="0",="0",="0",="0",="0",="0",="0",="0",="0",="0",="0",="0",="0",="0",="0",="0",="0",="0",="325.2816"
="MOp6b",="0",="86.7131",="0",="0",="0",="0",="0",="0",="0",="0",="0",="0",="0",="0",="112.7649",="0",="0",="0",="66.1652",="0",="0",="0",="0",="124.1355",="0",="0",="0"
="VISpm6b",="0",="8.3221",="0",="0",="47.9887",="0",="0",="0",="0",="323.2521",="0",="52.9202",="0",="0",="64.0326",="536.2246",="0",="0",="0",="305.4809",="168.7915",="41.8385",="19.44",="0",="0",="0",="0"
="RSPagl6b",="0",="742.8419",="0",="0",="33.684",="0",="53.704",="0",="44.623",="87.8957",="0",="93.3025",="0",="43.5326",="0",="284.3977",="0",="216.8409",="402.1815",="0",="112.5447",="0",="11.4074",="39.1253",="128.4808",="0",="0"
="VISa2/3",="0",="62.2326",="355.8683",="0",="232.0579",="112.8676",="0",="0",="0",="723.7293",="0",="0",="0",="0",="0",="0",="335.9515",="7173.159",="261.863",="291.1894",="0",="275.5706",="0",="0",="2750.856",="0",="0"
="VISa4",="0",="263.6192",="0",="0",="248.1827",="0",="0",="0",="0",="162.1877",="0",="0",="0",="0",="0",="0",="0",="294.0795",="0",="100.61",="0",="0",="0",="0",="916.9187",="0",="0"
="VISa5",="0",="334.6321",="0",="0",="18.3622",="27.7415",="0",="0",="0",="0",="0",="0",="0",="0",="0",="0",="0",="1293.7645",="0",="433.8228",="165.3045",="367.4472",="0",="0",="825.3431",="0",="0"
="VISrl1",="0",="646.4011",="691.2526",="3257.1564",="0",="585.2678000000001",="0",="0",="0",="310.6875",="0",="1057.5436",="468.5259",="59.6582",="0",="0",="0",="0",="0",="0",="2212.0623",="0",="28.6922",="3659.2206",="2654.5279",="0",="2886.9085"
="VISrl2/3",="0",="2376.2932",="42.0398",="10394.2103",="0",="331.76059999999995",="0",="0",="0",="0",="0",="724.8339",="1125.9041",="173.9681",="0",="0",="0",="0",="0",="0",="14.3219",="0",="0",="1798.3518",="1068.8632",="0",="0"
="VISrl4",="0",="856.039",="0",="2384.4771",="98.3896",="529.0473999999999",="0",="0",="0",="0",="66.7308",="112.1252",="166.5219",="24.3938",="0",="0",="0",="0",="0",="0",="0",="29.959",="0",="1164.6137",="370.9489",="0",="133.6547"
="VISrl5",="0",="955.7611",="63.3543",="7719.4399",="54.8166",="57.2706",="0",="0",="17.3612",="313.6319",="0",="405.4933",="2056.0168",="967.0198",="0",="0",="0",="0",="0",="0",="0",="1662.2367",="21.0598",="1598.739",="120.3718",="0",="0"
="SSp-bfd1",="0",="0",="1221.4069",="112.2028",="0",="0",="0",="0",="0",="0",="0",="0",="0",="0",="0",="0",="0",="0",="0",="0",="0",="0",="0",="0",="0",="0",="3210.9629"
="SSp-bfd2/3",="0",="0",="1015.3227",="1423.7294",="0",="0",="0",="0",="0",="0",="0",="0",="0",="0",="0",="0",="0",="0",="0",="0",="0",="0",="0",="0",="0",="0",="262.787"
="SSp-ll6a",="0",="0",="337.6108",="360.9152",="915.431",="0",="0",="0",="988.8802",="544.3679",="0",="0",="980.5299",="920.8877",="0",="0",="0",="0",="0",="0",="0",="209.0791",="0",="0",="0",="0",="0"
="SSp-tr1",="0",="0",="20.8386",="0",="0",="0",="0",="0",="0",="0",="0",="0",="0",="0",="0",="0",="0",="0",="0",="0",="0",="0",="0",="0",="0",="0",="0"
="SSp-tr2/3",="0",="0",="197.3353",="0",="0",="0",="0",="0",="0",="0",="0",="0",="0",="0",="0",="0",="0",="0",="0",="0",="0",="0",="0",="0",="0",="0",="0"
="SSp-tr6a",="0",="0",="964.711",="901.6253",="477.123",="644.0097",="0",="924.548",="624.5736",="310.1968",="0",="0",="643.2937",="5.7487",="0",="0",="0",="0",="0",="0",="0",="831.7597",="195.0003",="215.7296",="0",="0",="0"
="SSp-un2/3",="0",="0",="42.6458",="0",="0",="0",="0",="0",="0",="0",="0",="0",="0",="0",="0",="0",="0",="0",="0",="0",="0",="0",="0",="0",="0",="0",="0"
="MOs5",="0",="0",="638.836",="7034.9305",="0",="0",="819.715",="0",="6.1405",="1296.2441",="0",="2040.8795",="0",="0",="0",="0",="1170.5145",="1264.2469",="0",="0",="1122.0718",="506.5147",="0",="0",="0",="0",="0"
="VISa1",="0",="0",="184.133",="0",="23.904",="143.3435",="0",="0",="0",="2349.2618",="0",="0",="0",="0",="0",="0",="669.4545",="868.7926",="375.7145",="306.8214",="0",="0",="0",="0",="2381.0342",="0",="248.2907"
="VISa6a",="0",="0",="561.0962",="667.0999",="711.6093",="477.6042",="0",="1032.7384",="0",="625.7553",="363.9188",="0",="1049.2035",="0",="6.5299",="0",="0",="0",="0",="10.8313",="265.5818",="1015.5774",="500.9347",="674.9202",="0",="0",="0"
="VISa6b",="0",="0",="262.8158",="0",="108.3304",="1021.3933",="0",="0",="0",="0",="0",="0",="1.9916",="0",="666.5281",="0",="0",="0",="0",="24.1476",="0",="0",="357.5712",="0",="0",="0",="0"
="SSp-bfd5",="0",="0",="0",="173.828",="0",="0",="0",="0",="0",="0",="0",="0",="0",="25.554",="0",="0",="0",="0",="0",="0",="0",="0",="0",="0",="0",="0",="241.1191"
="VISal1",="0",="0",="0",="3.6769",="0",="228.23309999999998",="0",="0",="0",="2532.0444",="0",="1612.4987",="390.1927",="0",="0",="0",="689.0826",="0",="0",="1521.1135",="0",="0",="51.6279",="2742.9921",="0",="0",="2591.9044"
="VISal2/3",="0",="0",="0",="193.3954",="0",="675.7088",="0",="0",="0",="1223.5125",="0",="1204.2755",="1373.4729",="0",="0",="0",="1189.5143",="0",="0",="2914.8307",="339.178",="0",="171.3382",="1862.7141",="0",="0",="0"
="VISrl6a",="0",="0",="0",="1054.5866",="605.9195",="0",="478.7933",="17.3205",="499.4264",="463.1653",="0",="524.4815",="649.8537",="370.6434",="0",="585.9696",="23.4566",="0",="0",="0",="0",="354.6443",="0",="133.4392",="0",="0",="0"
="VISrl6b",="0",="0",="0",="82.8372",="0",="0",="101.3972",="415.8372",="0",="0",="0",="121.3043",="58.2283",="402.0614",="0",="0",="0",="0",="0",="0",="0",="0",="0",="0",="0",="0",="323.5033"
="dhc",="0",="0",="0",="1.9705",="0",="0",="0",="0",="0",="0",="444.0609",="0",="0",="0",="0",="0",="0",="0",="0",="0",="0",="0",="0",="0",="0",="0",="0"
="fp",="0",="0",="0",="2529.4773",="1349.1567",="5233.893599999999",="663.0019",="0",="1647.2741999999998",="0",="2881.3947",="1534.2703",="0",="1867.7964",="3610.6049000000003",="1485.412",="2317.2853",="1520.0363000000002",="2551.805",="1532.3528999999999",="844.2996999999999",="3298.8851",="2710.9357",="3611.3913999999995",="936.9133",="2398.7275",="0"
="ccs",="0",="0",="0",="2626.9303",="2623.1041",="1034.836",="218.0733",="0",="1138.5043",="0",="987.4961000000001",="547.8717",="0",="1907.5124",="2003.2132",="1510.3841",="1400.9101",="3189.1588",="1761.8493999999998",="1945.8247999999999",="1387.2756",="2633.3647",="238.7231",="1308.3301000000001",="2242.3540000000003",="1613.7117",="0"
="scwm",="0",="0",="0",="113.5101",="636.2401",="5.6736",="362.3997",="0",="158.6322",="838.5817",="1565.1461",="251.0926",="0",="390.779",="408.0003",="345.735",="339.5005",="371.5561",="830.3731",="1245.9393",="244.6879",="162.0358",="871.3831",="0",="138.4637",="605.7969",="303.6498"
="SSp-bfd6a",="0",="0",="0",="0",="594.4018",="0",="0",="0",="595.6405",="0",="0",="0",="0",="472.1644",="0",="0",="0",="0",="0",="0",="0",="0",="0",="0",="0",="0",="277.1682"
="SSp-bfd6b",="0",="0",="0",="0",="445.719",="0",="0",="281.0197",="0",="0",="0",="0",="0",="0",="0",="0",="0",="0",="0",="0",="0",="0",="0",="0",="0",="0",="2.3423"
="SSs6a",="0",="0",="0",="0",="346.6819",="0",="0",="0",="0",="0",="0",="0",="0",="0",="0",="0",="0",="0",="0",="0",="0",="0",="0",="0",="0",="0",="0"
="SSs6b",="0",="0",="0",="0",="390.8983",="0",="0",="0",="0",="0",="0",="0",="0",="0",="0",="0",="0",="0",="0",="0",="0",="0",="0",="0",="0",="0",="0"
="AUDd6b",="0",="0",="0",="0",="187.44",="0",="0",="0",="0",="0",="0",="0",="0",="0",="0",="0",="0",="0",="0",="0",="0",="0",="0",="0",="0",="29.7176",="0"
="VISam4",="0",="0",="0",="0",="160.8447",="0",="4.8852",="0",="0",="1389.9822",="302.4658",="138.7759",="0",="0",="0",="0",="228.6595",="788.0488",="365.2287",="251.1355",="0",="127.9795",="184.2576",="135.7096",="76.8995",="0",="106.3276"
="VISam5",="0",="0",="0",="0",="424.2949",="271.1542",="744.4762",="0",="0",="518.3537",="305.2485",="122.2365",="0",="0",="0",="82.4095",="1139.1805",="2576.449",="548.8953",="159.3623",="0",="1798.0708",="549.807",="261.3195",="165.2525",="0",="417.8143"
="VISl5",="0",="0",="0",="0",="401.6745",="410.1875",="1004.1958000000001",="0",="186.3349",="0",="1579.173",="2134.5613",="65.6866",="0",="0",="0",="53.3779",="0",="282.2066",="558.6943",="488.2204",="0",="2710.0872",="0",="355.1737",="2068.8428",="0"
="VISpl1",="0",="0",="0",="0",="2957.6406",="4533.6192",="473.8654",="0",="2178.8345",="0",="8923.3354",="0",="26.234",="1373.8355",="7221.6489",="446.0051",="0",="21.6354",="1214.7201",="0",="0",="1722.9877",="0",="3868.3026",="0",="62.1283",="0"
="VISpl2/3",="0",="0",="0",="0",="611.958",="8056.3116",="2763.6383",="0",="1618.3644",="0",="8745.6772",="0",="1261.6938",="1050.2908",="11971.3758",="759.8476",="0",="783.2473",="3930.311",="0",="0",="3163.7229",="0",="3356.4067",="0",="284.6467",="0"
="VISpl4",="0",="0",="0",="0",="244.4876",="66.0882",="141.3497",="0",="370.5976",="0",="832.2023",="0",="102.4605",="11.3198",="689.4106",="287.0981",="0",="0",="11.4661",="0",="0",="942.1998",="0",="116.4396",="0",="237.1961",="0"
="VISpl5",="0",="0",="0",="0",="183.2485",="2526.7502999999997",="2185.3869",="0",="720.0924",="0",="2873.8955",="0",="1577.7494",="1339.6145",="3073.1401",="998.5853",="0",="1151.0201",="2684.698",="0",="0",="732.3383",="0",="25.5943",="0",="874.807",="0"
="VISpor1",="0",="0",="0",="0",="1159.1097",="0",="0",="0",="0",="0",="5644.2065",="0",="215.2761",="1104.023",="0",="70.9224",="0",="0",="0",="0",="0",="114.7864",="0",="2979.9946",="0",="1459.8475",="0"
="ACAv1",="0",="0",="0",="0",="1282.808",="31.5368",="0",="3791.7109",="346.654",="508.6885",="2057.9731",="225.3422",="304.9199",="0",="82.9709",="1063.9666",="0",="0",="0",="223.0708",="0",="6768.4758",="0",="2182.8132",="902.7454",="70.1002",="3840.2279000000003"
="ACAv2/3",="0",="0",="0",="0",="124.3634",="5472.9763",="0",="1204.8518",="0",="43.1332",="1704.3385",="4075.4933",="1152.9722",="0",="788.7941",="1186.0893",="0",="0",="0",="2761.771",="0",="1401.855",="0",="3331.7356",="1166.323",="0",="354.4051"
="RSPagl2/3",="0",="0",="0",="0",="4466.3306",="3047.4696",="551.7962",="0",="102.4602",="179.2932",="15.7742",="1708.7796",="0",="0",="3373.5766999999996",="18743.0513",="2603.0326",="1501.937",="9389.759",="0",="4373.4884",="3515.2969999999996",="497.2893",="1410.703",="1420.2017",="0",="0"
="RSPagl5",="0",="0",="0",="0",="1924.2271",="193.6498",="2542.649",="0",="315.5079",="211.897",="667.553",="0",="0",="0",="845.3634",="3555.15",="1862.0087",="693.5824",="2713.8489",="0",="1862.0379",="711.7342",="646.1327",="975.9514",="774.2932",="0",="0"
="RSPd1",="0",="0",="0",="0",="571.4991",="2068.0837",="1052.3504",="0",="403.2374",="5796.791",="49.3923",="0",="0",="0",="2936.0758",="9006.8272",="9880.7137",="2211.8731",="1391.161",="0",="2954.252",="7271.6435",="0",="5649.4368",="0",="0",="0"
="RSPd2/3",="0",="0",="0",="0",="622.7938",="2039.9881",="4088.4503999999997",="0",="763.6986",="432.4455",="0",="0",="0",="0",="3017.5496",="7661.8858",="6008.014499999999",="2636.9371",="2941.7286",="0",="566.2323",="3604.0058",="0",="1418.9313000000002",="0",="0",="0"
="RSPd5",="0",="0",="0",="0",="868.2347",="799.4769",="1149.333",="0",="507.1517",="1214.5471",="856.7175",="0",="0",="0",="343.5067",="3565.4447",="2600.1854",="1956.7906",="911.5649",="0",="477.2914",="1352.7131",="109.99860000000001",="1245.1114",="969.8249",="0",="0"
="RSPv1",="0",="0",="0",="0",="745.9231",="144.9333",="152.52710000000002",="0",="0",="226.8718",="292.9318",="0",="0",="0",="217.6348",="0",="270.3842",="0",="194.7519",="0",="0",="0",="0",="3401.4973",="0",="0",="119.4785"
="RSPv2/3",="0",="0",="0",="0",="1596.0556",="395.2272",="326.34720000000004",="0",="0",="1.7362",="131.8227",="0",="0",="0",="21.8003",="16.1211",="550.7772",="0",="289.5912",="0",="0",="0",="0",="936.0527",="0",="0",="0"
="RSPv5",="0",="0",="0",="0",="398.4413",="962.7249",="1230.2946000000002",="0",="507.678",="0",="396.5868",="0",="0",="113.9739",="0",="203.2952",="677.5745",="124.8716",="469.719",="221.2497",="0",="0",="1227.6453000000001",="519.1104",="759.3387",="0",="271.2315"
="RSPv6a",="0",="0",="0",="0",="716.6954",="426.2614",="1080.7554",="0",="399.99490000000003",="0",="0",="0",="0",="3416.2291",="0",="1825.6649",="586.7855",="2850.1317",="2819.2039999999997",="2489.658",="5.9013",="0",="1412.1372999999999",="919.2353",="2475.5429999999997",="769.42",="241.6365"
="RSPv6b",="0",="0",="0",="0",="170.8775",="41.2324",="49.8593",="0",="216.8942",="0",="0",="0",="0",="119.7355",="0",="0",="179.1487",="46.3851",="179.3296",="333.1579",="0",="0",="20.4239",="41.3018",="215.6393",="0",="0"
="ec",="0",="0",="0",="0",="162.3195",="0",="0",="0",="0",="0",="0",="0",="0",="0",="0",="0",="0",="0",="100.197",="0",="0",="261.7082",="0",="0",="0",="91.6553",="0"
="ar",="0",="0",="0",="0",="423.3345",="0",="0",="0",="0",="0",="0",="0",="0",="0",="0",="0",="0",="0",="0",="0",="0",="1117.529",="0",="0",="145.6513",="194.0501",="0"
="SSp-tr6b",="0",="0",="0",="0",="0",="176.5568",="0",="0",="0",="0",="0",="0",="0",="0",="643.2449",="0",="0",="0",="0",="0",="0",="0",="271.4183",="585.1652",="0",="0",="0"
="AUDpo1",="0",="0",="0",="0",="0",="708.7208",="0",="0",="0",="0",="0",="0",="0",="0",="0",="0",="0",="0",="0",="0",="0",="0",="0",="0",="0",="0",="0"
="AUDpo2/3",="0",="0",="0",="0",="0",="226.0699",="0",="0",="0",="0",="0",="0",="262.5286",="0",="0",="0",="0",="0",="0",="0",="0",="0",="0",="0",="0",="0",="0"
="VISal4",="0",="0",="0",="0",="0",="323.8461",="0",="0",="0",="965.0819",="221.1625",="473.8523",="434.6402",="0",="0",="0",="889.4792",="0",="0",="912.1446",="1000.1325",="0",="0",="563.6598",="0",="0",="200.2568"
="VISal5",="0",="0",="0",="0",="0",="671.183",="113.5255",="0",="0",="1876.5296",="0",="886.2871",="1609.8834",="0",="0",="0",="913.0888",="0",="0",="105.8101",="822.5954",="841.2972",="513.0563",="1030.285",="0",="0",="0"
="VISal6a",="0",="0",="0",="0",="0",="83.3477",="98.6921",="0",="0",="0",="0",="619.9224",="0",="1278.3676",="0",="810.7434",="932.8267",="0",="0",="0",="0",="306.5312",="165.6104",="0",="0",="0",="0"
="VISl1",="0",="0",="0",="0",="0",="258.1611",="0",="0",="469.9605",="0",="187.4441",="10602.6762",="840.734",="306.0492",="0",="0",="776.4642",="0",="0",="43.0605",="368.0883",="89.8851",="262.4825",="609.3767",="0",="4896.988",="3713.1448"
="VISl4",="0",="0",="0",="0",="0",="457.26239999999996",="0",="0",="64.495",="0",="701.5503",="1082.7538",="137.8454",="0",="0",="0",="128.0338",="0",="0",="108.2411",="472.6172",="0",="5051.1531",="174.3264",="0",="2585.1372",="0"
="VISl6a",="0",="0",="0",="0",="0",="413.5051",="42.336",="0",="0",="0",="1294.2747",="101.0129",="159.2303",="118.5629",="0",="0",="0",="0",="1087.6556",="656.7072",="0",="0",="1707.1737",="0",="577.7005",="1056.6948",="16.0923"
="VISl6b",="0",="0",="0",="0",="0",="13.7314",="0",="0",="0",="0",="200.4602",="0",="220.6042",="517.5467",="0",="0",="0",="0",="0",="0",="0",="0",="7.1876",="0",="0",="0",="257.8722"
="VISpl6a",="0",="0",="0",="0",="0",="888.5839",="240.9679",="0",="0",="0",="326.0517",="0",="280.5435",="232.114",="392.4652",="0",="0",="0",="533.1656",="0",="0",="0",="0",="0",="0",="0",="0"
="VISli1",="0",="0",="0",="0",="0",="303.6585",="0",="0",="0",="1491.4228",="315.2409",="822.0309",="239.2055",="0",="0",="0",="450.5481",="0",="0",="392.0064",="0",="237.265",="0",="1383.4332",="0",="676.0856",="1759.9065"
="ACAd6b",="0",="0",="0",="0",="0",="67.3539",="25.298",="0",="0",="0",="0",="0",="0",="0",="0",="0",="0",="0",="0",="0",="0",="0",="0",="0",="0",="0",="0"
="ACAv5",="0",="0",="0",="0",="0",="764.1356",="1344.435",="157.8637",="0",="0",="915.9906",="1043.1479",="0",="0",="488.7083",="1493.9829",="0",="0",="0",="335.4058",="0",="488.0184",="0",="67.8977",="774.684",="0",="252.4763"
="TEa1",="0",="0",="0",="0",="0",="1710.9179",="0",="0",="0",="73.2864",="369.0087",="0",="496.8496",="0",="0",="0",="0",="0",="0",="0",="0",="0",="0",="166.6959",="0",="0",="0"
="TEa2/3",="0",="0",="0",="0",="0",="1669.8272",="0",="0",="0",="190.1676",="479.3735",="0",="1532.2",="0",="0",="34.688",="0",="0",="0",="240.7261",="0",="91.7345",="0",="174.7363",="0",="0",="108.4589"
="TEa4",="0",="0",="0",="0",="0",="186.1368",="0",="0",="0",="6.5393",="736.3134",="0",="434.9292",="0",="0",="0",="0",="0",="0",="22.4455",="0",="127.3604",="0",="0",="0",="0",="111.2274"
="APr",="0",="0",="0",="0",="0",="5312.1138",="3325.5643",="0",="954.1618",="3272.6194",="0",="0",="0",="0",="72.7519",="0",="0",="831.4235",="0",="0",="0",="0",="0",="0",="0",="0",="0"
="ccg",="0",="0",="0",="0",="0",="132.2202",="304.4013",="0",="106.478",="0",="0",="0",="0",="0",="0",="0",="620.2837",="0",="0",="0",="0",="0",="0",="0",="172.3353",="0",="0"
="ENTl5",="0",="0",="0",="0",="0",="0",="5.581",="0",="0",="0",="0",="0",="0",="378.9117",="0",="0",="0",="0",="0",="0",="0",="0",="0",="0",="0",="0",="0"
="ENTm2",="0",="0",="0",="0",="0",="0",="429.2777",="0",="0",="0",="0",="0",="213.9313",="0",="0",="0",="0",="0",="28.1444",="0",="0",="0",="0",="0",="0",="0",="0"
="ENTm3",="0",="0",="0",="0",="0",="0",="187.1632",="0",="0",="0",="85.8441",="0",="69.5596",="82.2117",="0",="0",="0",="0",="456.6093",="0",="0",="0",="0",="0",="0",="0",="0"
="ENTm5",="0",="0",="0",="0",="0",="0",="259.0176",="0",="0",="0",="166.058",="0",="0",="1501.8218",="0",="0",="0",="0",="365.8797",="0",="0",="0",="0",="0",="0",="0",="0"
="VISpor2/3",="0",="0",="0",="0",="0",="0",="189.0107",="0",="0",="0",="6121.6888",="0",="1622.2054",="494.0908",="0",="2296.3763",="0",="0",="259.8802",="0",="0",="171.681",="0",="5902.3709",="0",="327.4809",="0"
="VISpor5",="0",="0",="0",="0",="0",="0",="1018.8423",="0",="0",="0",="3337.7224",="0",="0",="1013.0127",="0",="123.9079",="0",="0",="2.9001",="0",="0",="0",="0",="455.301",="0",="0",="0"
="ORBl1",="0",="0",="0",="0",="0",="0",="89.1177",="0",="0",="0",="0",="0",="0",="0",="0",="0",="0",="361.1006",="0",="0",="0",="0",="0",="0",="0",="0",="0"
="ORBl2/3",="0",="0",="0",="0",="0",="0",="664.3388",="0",="0",="0",="0",="0",="0",="0",="0",="0",="0",="771.9346",="0",="0",="0",="0",="0",="0",="0",="0",="0"
="ORBm6a",="0",="0",="0",="0",="0",="0",="151.6236",="0",="0",="0",="0",="0",="0",="0",="0",="0",="0",="221.7179",="0",="0",="0",="0",="0",="0",="0",="0",="0"
="ORBvl1",="0",="0",="0",="0",="0",="0",="7061.6751",="0",="0",="0",="0",="0",="0",="0",="0",="0",="0",="1133.1415",="0",="0",="0",="0",="0",="0",="0",="0",="0"
="ORBvl2/3",="0",="0",="0",="0",="0",="0",="8404.2542",="0",="0",="0",="0",="0",="0",="0",="0",="0",="0",="1592.4687",="0",="0",="0",="0",="0",="0",="0",="0",="0"
="ORBvl5",="0",="0",="0",="0",="0",="0",="301.7854",="0",="0",="0",="0",="0",="0",="0",="0",="0",="0",="1060.3968",="0",="0",="0",="0",="0",="0",="0",="0",="0"
="ORBvl6a",="0",="0",="0",="0",="0",="0",="124.8316",="0",="0",="0",="0",="0",="0",="0",="0",="0",="0",="194.0579",="0",="0",="0",="0",="0",="0",="0",="0",="0"
="RSPd6a",="0",="0",="0",="0",="0",="0",="1211.5105",="0",="290.0174",="939.6182",="0",="1128.4007",="22.9012",="921.285",="237.5677",="2038.1826",="113.1975",="677.8756999999999",="1256.2137",="568.7334",="1030.0692",="1468.9903",="3199.3078",="375.9796",="2223.8456",="980.0999",="1637.4539"
="PL5",="0",="0",="0",="0",="0",="0",="465.64",="0",="0",="0",="0",="0",="0",="0",="0",="0",="0",="479.9099",="0",="0",="0",="0",="0",="0",="0",="0",="0"
="PL6a",="0",="0",="0",="0",="0",="0",="265.9574",="0",="0",="0",="0",="107.7805",="0",="0",="0",="0",="0",="284.4249",="0",="0",="0",="0",="0",="0",="0",="0",="0"
="ILA6a",="0",="0",="0",="0",="0",="0",="412.8969",="0",="0",="0",="0",="459.8008",="0",="0",="0",="0",="0",="0",="0",="0",="0",="0",="0",="0",="0",="0",="0"
="fi",="0",="0",="0",="0",="0",="0",="0",="4.4529",="0",="0",="0",="0",="0",="0",="0",="0",="0",="0",="0",="0",="0",="0",="0",="0",="0",="717.6432",="0"
="int",="0",="0",="0",="0",="0",="0",="0",="383.9968",="0",="0",="0",="0",="0",="0",="0",="0",="0",="0",="113.7627",="0",="0",="0",="0",="0",="0",="0",="0"
="SSp-ul6a",="0",="0",="0",="0",="0",="0",="0",="0",="28.8738",="735.2243",="0",="0",="0",="446.0034",="0",="0",="0",="0",="0",="0",="0",="0",="0",="0",="0",="0",="0"
="VISl2/3",="0",="0",="0",="0",="0",="0",="0",="0",="91.2331",="0",="576.1747",="3687.328",="577.7981",="0",="0",="0",="674.5341",="0",="0",="517.393",="226.4676",="545.2304",="1915.4601",="572.0813",="0",="1516.6549",="0"
="RSPd6b",="0",="0",="0",="0",="0",="0",="0",="0",="100.916",="0",="0",="0",="0",="3.9826",="0",="0",="59.0999",="0",="182.8324",="0",="84.5064",="0",="280.5589",="12.7594",="255.3293",="0",="0"
="SSp-un6a",="0",="0",="0",="0",="0",="0",="0",="0",="0",="476.8439",="0",="0",="0",="281.864",="0",="0",="0",="0",="0",="0",="0",="0",="0",="0",="0",="0",="0"
="AUDpo5",="0",="0",="0",="0",="0",="0",="0",="0",="0",="141.1364",="0",="0",="0",="0",="0",="0",="0",="0",="0",="0",="0",="0",="0",="0",="0",="0",="0"
="VISli2/3",="0",="0",="0",="0",="0",="0",="0",="0",="0",="249.5642",="22.4568",="179.0802",="699.6519",="0",="0",="0",="560.7989",="0",="0",="2438.1458",="0",="1980.4608",="47.4543",="739.2476",="0",="0",="87.9728"
="VISli4",="0",="0",="0",="0",="0",="0",="0",="0",="0",="242.7526",="104.0773",="287.0593",="162.6285",="0",="0",="0",="634.4827",="0",="0",="535.6837",="0",="37.0314",="238.6006",="0",="0",="0",="0"
="ENTm6",="0",="0",="0",="0",="0",="0",="0",="0",="0",="0",="62.8649",="0",="0",="0",="0",="0",="0",="0",="212.8088",="0",="0",="0",="0",="0",="0",="0",="0"
="VISli5",="0",="0",="0",="0",="0",="0",="0",="0",="0",="0",="269.6307",="295.1474",="300.5988",="0",="0",="0",="466.1288",="0",="0",="533.2567",="0",="63.0308",="184.3235",="0",="0",="0",="0"
="VISli6a",="0",="0",="0",="0",="0",="0",="0",="0",="0",="0",="713.4854",="0",="0",="0",="0",="65.9223",="0",="0",="0",="0",="0",="0",="0",="0",="321.0616",="325.8503",="223.7871"
="VISli6b",="0",="0",="0",="0",="0",="0",="0",="0",="0",="0",="82.7655",="0",="0",="0",="0",="0",="0",="0",="0",="0",="0",="0",="0",="0",="0",="11.5948",="72.4397"
="VISpor4",="0",="0",="0",="0",="0",="0",="0",="0",="0",="0",="1825.3003",="0",="0",="71.961",="0",="0",="0",="0",="0",="0",="0",="0",="0",="0",="0",="73.4271",="0"
="VISpor6a",="0",="0",="0",="0",="0",="0",="0",="0",="0",="0",="1032.2307",="0",="0",="0",="0",="93.9215",="0",="0",="217.3497",="0",="0",="0",="0",="0",="243.3485",="0",="0"
="VISpor6b",="0",="0",="0",="0",="0",="0",="0",="0",="0",="0",="164.9743",="0",="0",="0",="0",="0",="0",="0",="63.0219",="0",="0",="0",="0",="0",="191.4148",="0",="0"
="TEa5",="0",="0",="0",="0",="0",="0",="0",="0",="0",="0",="1005.2105",="0",="477.1379",="0",="0",="211.6741",="0",="0",="0",="0",="0",="439.5161",="0",="0",="0",="0",="306.71"
="TEa6a",="0",="0",="0",="0",="0",="0",="0",="0",="0",="0",="1068.458",="0",="0",="0",="0",="1358.0941",="0",="0",="0",="0",="0",="0",="0",="0",="0",="12.9981",="211.0451"
="TEa6b",="0",="0",="0",="0",="0",="0",="0",="0",="0",="0",="588.0159",="0",="0",="0",="0",="0",="0",="0",="0",="0",="0",="0",="0",="0",="16.8406",="274.8101",="0"
="ACAv6a",="0",="0",="0",="0",="0",="0",="0",="0",="0",="0",="0",="2612.9525",="0",="0",="533.3461",="341.8182",="0",="0",="0",="0",="0",="0",="190.9399",="0",="0",="0",="0"
="ILA6b",="0",="0",="0",="0",="0",="0",="0",="0",="0",="0",="0",="109.7187",="0",="0",="0",="0",="0",="0",="0",="0",="0",="0",="0",="0",="0",="0",="0"
="VISal6b",="0",="0",="0",="0",="0",="0",="0",="0",="0",="0",="0",="0",="0",="442.1253",="0",="0",="27.9578",="0",="0",="0",="0",="267.9247",="0",="0",="0",="0",="0"
="VISpl6b",="0",="0",="0",="0",="0",="0",="0",="0",="0",="0",="0",="0",="0",="178.1744",="0",="0",="0",="0",="0",="0",="0",="0",="0",="0",="0",="0",="0"
="SSp-ll6b",="0",="0",="0",="0",="0",="0",="0",="0",="0",="0",="0",="0",="0",="0",="52.4094",="0",="0",="0",="0",="0",="0",="0",="0",="6.8708",="0",="0",="0"
="PL2/3",="0",="0",="0",="0",="0",="0",="0",="0",="0",="0",="0",="0",="0",="0",="45.6531",="0",="0",="0",="0",="0",="0",="0",="0",="0",="0",="0",="0"
="ECT2/3",="0",="0",="0",="0",="0",="0",="0",="0",="0",="0",="0",="0",="0",="0",="0",="828.3268",="0",="0",="0",="0",="0",="0",="0",="0",="0",="0",="0"
="ECT5",="0",="0",="0",="0",="0",="0",="0",="0",="0",="0",="0",="0",="0",="0",="0",="198.9353",="0",="0",="0",="0",="0",="0",="0",="0",="0",="0",="0"
="MOs6b",="0",="0",="0",="0",="0",="0",="0",="0",="0",="0",="0",="0",="0",="0",="0",="0",="113.8148",="0",="231.9014",="0",="0",="0",="0",="0",="0",="0",="0"
="ORBl6a",="0",="0",="0",="0",="0",="0",="0",="0",="0",="0",="0",="0",="0",="0",="0",="0",="0",="128.1839",="0",="0",="0",="0",="0",="0",="0",="0",="0"
="ORBl6b",="0",="0",="0",="0",="0",="0",="0",="0",="0",="0",="0",="0",="0",="0",="0",="0",="0",="54.8657",="0",="0",="0",="0",="0",="0",="0",="0",="0"
="MOp5",="0",="0",="0",="0",="0",="0",="0",="0",="0",="0",="0",="0",="0",="0",="0",="0",="0",="0",="0",="0",="78.5009",="0",="0",="0",="0",="0",="0"
="AUDp6a",="0",="0",="0",="0",="0",="0",="0",="0",="0",="0",="0",="0",="0",="0",="0",="0",="0",="0",="0",="0",="0",="119.8853",="0",="0",="0",="512.2405",="0"
="AUDp6b",="0",="0",="0",="0",="0",="0",="0",="0",="0",="0",="0",="0",="0",="0",="0",="0",="0",="0",="0",="0",="0",="271.4324",="0",="0",="0",="206.7067",="0"
="AUDv6a",="0",="0",="0",="0",="0",="0",="0",="0",="0",="0",="0",="0",="0",="0",="0",="0",="0",="0",="0",="0",="0",="37.966",="0",="0",="0",="0",="0"
="AUDv6b",="0",="0",="0",="0",="0",="0",="0",="0",="0",="0",="0",="0",="0",="0",="0",="0",="0",="0",="0",="0",="0",="157.5112",="0",="0",="0",="0",="0"
="AUDpo6b",="0",="0",="0",="0",="0",="0",="0",="0",="0",="0",="0",="0",="0",="0",="0",="0",="0",="0",="0",="0",="0",="0",="0",="0",="0",="222.3902",="0"
="LSc",="0",="0",="0",="0",="0",="0",="0",="0",="0",="0",="0",="0",="0",="0",="0",="0",="0",="0",="0",="0",="0",="0",="0",="0",="0",="133.8228",="0"
="LSr",="0",="0",="0",="0",="0",="0",="0",="0",="0",="0",="0",="0",="0",="0",="0",="0",="0",="0",="0",="0",="0",="0",="0",="0",="0",="644.8319",="0"
="SSs1",="0",="0",="0",="0",="0",="0",="0",="0",="0",="0",="0",="0",="0",="0",="0",="0",="0",="0",="0",="0",="0",="0",="0",="0",="0",="0",="340.382"
="AUDd1",="0",="0",="0",="0",="0",="0",="0",="0",="0",="0",="0",="0",="0",="0",="0",="0",="0",="0",="0",="0",="0",="0",="0",="0",="0",="0",="164.8777"