 ,221057_135,221057_150,221057_155,221364_083,221364_087,221701_055,230011_175,230066_079,230066_084,231685_259,231685_281,233285_119,233379_133,233380_037,233666_171,233668_063,233668_065,233668_073,233668_099,233668_101,233795_002,233795_003,233795_009,233795_012,233795_074,233795_088,221090_095,221091_154,221417_015,221418_129,221479_166,231685_243,231685_255,233379_029,233379_036,233379_097,233379_130,233666_139,233666_204,221090_092,221090_094,221090_099,221091_125,221091_158,221418_135,221418_137,221477_059,221481_137,231687_014,233379_123,233666_201,233667_217,233667_242,233667_256,233667_267,233667_269,221065_081,231687_027,231687_028,233284_183,233667_270,221225_016,231687_023,233666_161,221065_083,221065_086,233667_261
="ENTl2",="5",="0",="0",="0",="0",="0",="0",="2",="0",="0",="0",="0",="0",="0",="0",="9",="0",="3",="0",="0",="0",="0",="0",="0",="0",="0",="0",="0",="0",="0",="0",="0",="0",="0",="0",="0",="0",="0",="0",="0",="0",="1",="0",="0",="0",="0",="0",="0",="0",="0",="0",="0",="0",="1",="0",="0",="0",="0",="0",="0",="0",="0",="0",="0",="0",="0",="0"
="ENTl3",="4",="0",="0",="0",="0",="1",="0",="2",="0",="0",="0",="0",="0",="0",="0",="6",="1",="2",="0",="0",="0",="0",="0",="0",="0",="0",="0",="0",="0",="0",="0",="0",="0",="0",="0",="0",="0",="0",="0",="0",="0",="0",="0",="0",="0",="0",="0",="0",="0",="0",="2",="0",="0",="0",="0",="0",="0",="0",="0",="0",="0",="0",="0",="0",="0",="0",="0"
="ENTl5",="3",="0",="0",="0",="0",="6",="0",="7",="0",="0",="0",="0",="0",="0",="0",="3",="2",="4",="0",="0",="0",="0",="0",="0",="0",="0",="0",="0",="0",="0",="0",="0",="0",="0",="0",="0",="0",="0",="0",="0",="0",="0",="0",="0",="0",="0",="0",="0",="0",="0",="3",="0",="0",="0",="0",="0",="2",="0",="1",="0",="0",="0",="0",="1",="0",="0",="0"
="ENTm1",="0",="0",="0",="0",="0",="0",="0",="0",="0",="0",="0",="0",="0",="0",="0",="0",="0",="0",="0",="0",="0",="0",="0",="0",="0",="0",="0",="0",="0",="0",="0",="0",="0",="0",="0",="0",="0",="0",="0",="0",="0",="0",="0",="0",="0",="0",="0",="0",="0",="0",="0",="0",="0",="0",="0",="0",="0",="0",="0",="0",="0",="0",="0",="0",="0",="0",="0"
="ENTm2",="11",="0",="0",="0",="0",="0",="0",="1",="0",="0",="0",="0",="0",="0",="0",="0",="0",="2",="0",="0",="0",="0",="0",="0",="0",="0",="0",="0",="0",="0",="0",="0",="1",="0",="0",="0",="0",="0",="0",="2",="0",="0",="0",="0",="0",="0",="0",="0",="0",="0",="0",="0",="0",="0",="0",="0",="0",="0",="0",="0",="0",="0",="0",="0",="0",="0",="0"
="ENTm3",="3",="0",="0",="0",="0",="0",="0",="0",="0",="0",="0",="0",="0",="0",="0",="0",="1",="1",="0",="0",="0",="0",="0",="0",="0",="0",="0",="0",="0",="0",="0",="0",="0",="0",="0",="0",="1",="0",="0",="0",="0",="0",="0",="0",="0",="0",="0",="0",="0",="0",="0",="0",="0",="0",="0",="0",="9",="0",="2",="0",="0",="0",="0",="1",="0",="0",="0"
="ENTm5",="0",="0",="0",="0",="0",="0",="0",="0",="1",="0",="0",="0",="0",="0",="0",="0",="1",="4",="0",="0",="0",="0",="0",="0",="0",="0",="0",="0",="0",="0",="0",="0",="0",="0",="0",="0",="0",="1",="0",="0",="0",="0",="0",="0",="0",="0",="0",="0",="0",="0",="0",="0",="0",="0",="0",="0",="17",="3",="4",="0",="3",="0",="0",="1",="0",="0",="0"
="VISl1",="2",="9",="15",="0",="0",="14",="0",="7",="13",="16",="0",="4",="1",="6",="0",="21",="0",="2",="0",="0",="7",="1",="2",="5",="0",="9",="2",="1",="3",="0",="0",="47",="24",="0",="0",="0",="2",="5",="4",="3",="10",="2",="0",="0",="1",="6",="1",="0",="4",="0",="20",="0",="0",="16",="0",="20",="13",="0",="0",="5",="0",="0",="0",="0",="0",="0",="4"
="VISl2/3",="4",="6",="36",="1",="0",="5",="0",="3",="7",="8",="23",="10",="2",="1",="0",="16",="0",="0",="4",="0",="11",="9",="6",="10",="0",="14",="0",="0",="0",="3",="8",="4",="11",="0",="0",="0",="3",="34",="10",="3",="0",="0",="0",="0",="1",="7",="1",="7",="3",="0",="2",="0",="1",="9",="0",="4",="0",="0",="0",="0",="0",="0",="0",="0",="0",="0",="0"
="VISl4",="0",="6",="4",="0",="0",="1",="0",="1",="9",="6",="0",="6",="2",="1",="0",="3",="0",="0",="1",="0",="1",="0",="0",="0",="0",="5",="0",="0",="2",="0",="3",="1",="22",="0",="0",="0",="3",="9",="1",="0",="0",="0",="0",="0",="2",="2",="0",="2",="0",="0",="5",="0",="1",="5",="0",="7",="2",="0",="0",="0",="0",="1",="7",="0",="0",="0",="1"
="VISl5",="4",="6",="6",="0",="0",="10",="0",="1",="3",="11",="2",="1",="0",="3",="0",="10",="1",="2",="1",="0",="0",="4",="5",="2",="0",="1",="0",="0",="0",="1",="0",="0",="3",="0",="0",="0",="1",="4",="0",="0",="0",="0",="0",="0",="0",="1",="0",="0",="0",="0",="2",="0",="1",="3",="1",="6",="3",="7",="4",="0",="2",="10",="12",="1",="0",="1",="3"
="VISp1",="12",="14",="6",="4",="22",="20",="32",="14",="41",="8",="4",="38",="15",="60",="4",="19",="7",="5",="0",="13",="15",="9",="37",="31",="71",="45",="19",="8",="104",="11",="11",="0",="38",="82",="38",="18",="34",="36",="35",="40",="20",="74",="16",="0",="9",="5",="16",="113",="79",="22",="71",="20",="4",="53",="0",="41",="362",="0",="0",="54",="12",="0",="8",="3",="0",="0",="5"
="VISp2/3",="9",="10",="26",="25",="19",="19",="4",="8",="6",="56",="39",="39",="19",="20",="10",="17",="1",="4",="1",="15",="39",="18",="19",="12",="17",="23",="2",="3",="21",="10",="68",="0",="5",="10",="4",="5",="20",="19",="33",="19",="4",="18",="13",="3",="3",="4",="10",="60",="13",="6",="6",="5",="5",="8",="0",="4",="52",="1",="1",="2",="4",="2",="2",="5",="67",="19",="0"
="VISp4",="0",="9",="8",="5",="8",="15",="8",="2",="15",="8",="8",="11",="9",="8",="2",="3",="0",="0",="0",="6",="10",="3",="4",="0",="15",="7",="19",="2",="31",="5",="37",="10",="18",="46",="7",="11",="63",="12",="22",="13",="10",="35",="12",="4",="3",="6",="22",="17",="31",="17",="5",="0",="0",="2",="1",="3",="126",="14",="8",="2",="3",="11",="9",="13",="56",="24",="1"
="VISp5",="1",="1",="7",="5",="16",="7",="19",="3",="13",="33",="9",="8",="8",="9",="1",="5",="4",="1",="0",="11",="27",="5",="12",="2",="21",="24",="16",="12",="11",="9",="7",="8",="4",="3",="1",="1",="17",="13",="21",="28",="14",="51",="26",="5",="21",="26",="13",="48",="33",="12",="15",="6",="11",="8",="18",="12",="192",="23",="17",="2",="34",="38",="61",="37",="36",="59",="7"
="VISpl1",="8",="0",="0",="0",="0",="0",="0",="3",="1",="0",="0",="0",="0",="15",="7",="0",="0",="1",="0",="0",="0",="0",="1",="15",="0",="0",="0",="28",="16",="0",="0",="0",="11",="4",="0",="0",="37",="8",="0",="1",="0",="0",="3",="0",="0",="7",="11",="0",="11",="0",="10",="0",="0",="0",="0",="1",="42",="0",="0",="0",="2",="0",="0",="0",="0",="0",="1"
="VISpl2/3",="11",="0",="0",="0",="0",="0",="0",="1",="2",="0",="0",="0",="0",="3",="9",="1",="2",="5",="0",="0",="0",="0",="0",="20",="0",="0",="0",="2",="19",="0",="0",="0",="7",="1",="0",="0",="28",="6",="1",="7",="0",="0",="4",="0",="0",="3",="14",="0",="12",="0",="14",="1",="0",="1",="0",="2",="13",="0",="3",="0",="3",="0",="0",="0",="15",="0",="0"
="VISpl4",="2",="0",="0",="0",="0",="0",="0",="1",="0",="0",="0",="0",="0",="1",="1",="0",="1",="1",="0",="0",="0",="0",="1",="0",="0",="0",="0",="0",="0",="0",="0",="0",="1",="0",="0",="0",="2",="1",="0",="0",="0",="0",="1",="0",="0",="1",="3",="0",="0",="0",="0",="0",="0",="0",="0",="0",="0",="0",="0",="0",="0",="0",="0",="0",="18",="0",="1"
="VISpl5",="13",="0",="0",="0",="0",="0",="0",="3",="1",="0",="0",="0",="0",="2",="3",="1",="9",="15",="0",="0",="0",="0",="3",="2",="0",="0",="0",="0",="2",="0",="0",="0",="0",="3",="0",="0",="4",="6",="1",="2",="0",="0",="2",="0",="0",="3",="2",="0",="1",="0",="1",="0",="4",="0",="0",="1",="19",="0",="9",="0",="6",="0",="0",="1",="43",="0",="5"
="VISli5",="0",="3",="0",="0",="2",="0",="5",="0",="0",="0",="0",="0",="0",="0",="0",="0",="0",="1",="1",="2",="5",="9",="1",="0",="0",="0",="0",="0",="0",="1",="0",="0",="0",="0",="0",="0",="1",="7",="0",="0",="8",="0",="0",="0",="5",="1",="0",="0",="0",="0",="1",="0",="0",="1",="0",="0",="0",="2",="0",="0",="0",="2",="0",="0",="0",="0",="1"
="VISpor1",="1",="0",="0",="0",="0",="0",="0",="0",="0",="0",="0",="0",="0",="5",="0",="2",="0",="2",="0",="0",="0",="0",="0",="6",="0",="0",="0",="9",="0",="0",="0",="0",="21",="0",="9",="0",="33",="1",="6",="2",="12",="9",="1",="2",="0",="0",="1",="0",="8",="0",="7",="11",="0",="0",="0",="8",="4",="0",="0",="0",="0",="0",="0",="0",="0",="0",="6"
="VISpor2/3",="3",="0",="0",="0",="0",="0",="0",="11",="0",="0",="0",="2",="0",="4",="9",="2",="8",="3",="0",="0",="0",="0",="3",="1",="0",="0",="0",="0",="0",="0",="1",="2",="57",="2",="0",="0",="16",="6",="20",="4",="8",="5",="8",="3",="0",="0",="1",="0",="31",="0",="23",="20",="0",="3",="0",="1",="2",="0",="0",="0",="0",="0",="0",="0",="0",="0",="3"
="VISpor5",="3",="0",="0",="0",="0",="0",="0",="2",="0",="0",="0",="0",="0",="4",="2",="2",="6",="7",="0",="7",="0",="0",="4",="3",="0",="0",="0",="0",="0",="0",="0",="0",="6",="0",="0",="0",="8",="0",="10",="0",="1",="0",="0",="0",="0",="0",="0",="0",="1",="0",="2",="4",="0",="5",="0",="0",="13",="15",="2",="0",="1",="0",="0",="0",="0",="0",="3"
="RSPagl1",="3",="0",="0",="0",="0",="2",="0",="1",="0",="0",="0",="0",="0",="0",="0",="0",="0",="0",="0",="8",="0",="0",="0",="0",="0",="0",="18",="16",="11",="0",="0",="4",="1",="0",="8",="4",="0",="4",="0",="0",="27",="0",="53",="0",="0",="15",="14",="0",="6",="3",="17",="10",="1",="5",="0",="0",="17",="0",="0",="2",="0",="0",="0",="0",="0",="0",="0"
="RSPagl2/3",="1",="0",="0",="0",="0",="0",="0",="3",="0",="0",="0",="0",="0",="1",="0",="0",="0",="0",="0",="11",="0",="0",="0",="0",="0",="0",="4",="5",="11",="0",="0",="0",="0",="0",="5",="0",="1",="1",="0",="0",="3",="0",="60",="0",="0",="3",="6",="0",="3",="2",="6",="7",="0",="1",="0",="0",="0",="0",="0",="0",="0",="0",="0",="0",="0",="0",="0"
="RSPagl5",="0",="0",="0",="0",="0",="0",="0",="7",="0",="0",="0",="0",="0",="0",="0",="0",="0",="0",="0",="8",="0",="0",="0",="0",="0",="0",="0",="0",="0",="0",="0",="0",="0",="0",="1",="0",="1",="9",="0",="0",="0",="0",="7",="0",="0",="0",="1",="0",="3",="1",="2",="5",="1",="1",="2",="0",="1",="0",="5",="0",="4",="0",="0",="0",="0",="0",="0"
="RSPagl6a",="0",="0",="0",="0",="0",="0",="0",="1",="0",="0",="0",="0",="0",="0",="0",="0",="0",="0",="0",="0",="0",="0",="0",="0",="0",="0",="1",="0",="0",="0",="0",="0",="0",="0",="0",="0",="0",="0",="0",="0",="0",="0",="0",="0",="0",="0",="0",="0",="0",="1",="0",="1",="3",="0",="7",="0",="7",="0",="2",="0",="2",="0",="0",="0",="2",="0",="0"
="RSPd2/3",="0",="0",="0",="0",="0",="0",="0",="0",="0",="0",="0",="0",="0",="0",="0",="0",="0",="0",="0",="2",="0",="0",="6",="0",="0",="0",="0",="20",="5",="0",="0",="2",="1",="2",="1",="0",="0",="1",="0",="0",="1",="0",="21",="0",="0",="1",="9",="6",="8",="0",="1",="1",="0",="0",="0",="0",="7",="0",="0",="0",="0",="0",="0",="0",="0",="0",="0"
="RSPd5",="0",="0",="0",="0",="0",="0",="0",="0",="0",="0",="0",="0",="0",="0",="0",="0",="0",="0",="0",="11",="0",="0",="0",="0",="0",="0",="0",="1",="3",="0",="0",="0",="1",="0",="2",="0",="1",="8",="0",="0",="0",="0",="3",="0",="0",="0",="1",="12",="0",="4",="1",="1",="0",="0",="4",="0",="14",="0",="3",="0",="1",="0",="0",="0",="0",="0",="0"
="RSPd6a",="0",="0",="0",="0",="0",="0",="0",="0",="0",="0",="0",="0",="0",="0",="0",="0",="0",="0",="0",="1",="0",="0",="0",="0",="0",="0",="0",="1",="0",="0",="0",="0",="0",="0",="0",="1",="0",="5",="0",="0",="0",="0",="0",="0",="0",="0",="1",="4",="1",="3",="0",="0",="0",="0",="7",="0",="10",="0",="13",="0",="2",="0",="0",="0",="0",="0",="0"
="RSPv1",="0",="0",="0",="0",="0",="0",="0",="0",="0",="0",="0",="0",="0",="0",="0",="0",="0",="0",="0",="0",="0",="0",="4",="0",="0",="0",="0",="12",="1",="0",="0",="0",="1",="0",="0",="1",="0",="0",="0",="0",="0",="0",="0",="0",="0",="0",="0",="15",="28",="0",="0",="0",="0",="0",="0",="0",="12",="0",="1",="1",="0",="0",="0",="0",="0",="0",="0"
="RSPv2/3",="5",="0",="0",="0",="0",="0",="0",="0",="0",="0",="0",="0",="0",="0",="0",="0",="0",="0",="0",="0",="0",="0",="10",="0",="0",="0",="0",="2",="0",="0",="0",="0",="0",="0",="0",="1",="1",="1",="0",="0",="0",="0",="0",="0",="0",="0",="0",="5",="9",="0",="0",="0",="0",="0",="0",="0",="1",="0",="0",="0",="0",="0",="0",="0",="0",="0",="0"
="RSPv5",="0",="0",="0",="0",="0",="1",="0",="0",="0",="0",="0",="0",="0",="0",="0",="0",="0",="0",="0",="0",="0",="0",="0",="0",="0",="0",="0",="1",="0",="0",="0",="0",="0",="0",="0",="0",="0",="1",="0",="0",="0",="0",="1",="0",="0",="0",="0",="51",="1",="4",="0",="0",="0",="0",="0",="0",="4",="0",="1",="0",="0",="0",="0",="0",="0",="0",="0"
="TEa5",="0",="0",="1",="0",="0",="0",="1",="1",="0",="0",="0",="0",="0",="1",="0",="0",="20",="1",="0",="3",="0",="1",="2",="0",="2",="0",="0",="0",="0",="0",="0",="6",="0",="0",="0",="0",="0",="0",="0",="3",="8",="1",="0",="0",="0",="1",="1",="0",="0",="0",="0",="0",="3",="0",="3",="0",="0",="4",="1",="0",="0",="1",="1",="2",="0",="0",="0"
="VISal1",="0",="4",="0",="0",="3",="0",="3",="0",="0",="3",="0",="0",="5",="2",="0",="0",="0",="0",="0",="0",="0",="2",="5",="1",="3",="0",="10",="12",="2",="4",="0",="1",="0",="0",="1",="11",="0",="0",="0",="1",="3",="6",="0",="0",="10",="9",="0",="4",="6",="0",="6",="0",="0",="0",="0",="0",="0",="0",="0",="3",="0",="0",="0",="0",="0",="0",="0"
="VISal2/3",="0",="1",="0",="13",="4",="0",="0",="0",="0",="10",="2",="1",="8",="2",="0",="1",="0",="0",="0",="0",="0",="5",="3",="5",="1",="0",="2",="1",="0",="16",="0",="0",="0",="0",="0",="3",="0",="0",="4",="7",="0",="2",="0",="0",="11",="4",="0",="4",="5",="0",="2",="0",="0",="0",="0",="0",="0",="0",="0",="0",="0",="0",="0",="0",="0",="0",="0"
="VISal4",="0",="7",="0",="2",="1",="0",="0",="0",="0",="3",="1",="0",="0",="0",="0",="0",="0",="0",="0",="0",="0",="1",="6",="0",="2",="0",="0",="0",="0",="9",="1",="0",="0",="1",="0",="1",="1",="0",="1",="4",="1",="1",="0",="0",="1",="1",="0",="4",="3",="0",="0",="0",="0",="0",="0",="0",="0",="0",="0",="1",="0",="0",="0",="0",="0",="0",="0"
="VISal5",="0",="4",="0",="1",="4",="0",="1",="0",="0",="8",="0",="2",="3",="2",="0",="2",="0",="0",="0",="0",="0",="0",="8",="1",="1",="0",="0",="0",="0",="0",="0",="0",="0",="0",="0",="1",="0",="0",="0",="3",="1",="2",="0",="0",="0",="1",="0",="5",="3",="0",="1",="0",="0",="0",="0",="0",="0",="0",="0",="0",="0",="2",="0",="0",="0",="0",="0"
="VISal6a",="0",="0",="0",="0",="0",="0",="0",="0",="0",="0",="0",="0",="0",="0",="0",="0",="0",="0",="0",="0",="0",="0",="0",="0",="0",="0",="0",="0",="0",="0",="0",="0",="0",="0",="0",="0",="0",="0",="0",="0",="0",="0",="0",="0",="0",="0",="1",="0",="0",="0",="0",="0",="0",="0",="0",="0",="0",="1",="1",="0",="0",="0",="0",="0",="0",="0",="0"
="VISal6b",="0",="0",="0",="0",="0",="0",="0",="0",="0",="0",="0",="0",="0",="0",="0",="0",="0",="0",="0",="0",="0",="0",="0",="0",="0",="0",="0",="0",="0",="0",="0",="0",="0",="0",="0",="0",="0",="0",="0",="0",="0",="0",="0",="0",="0",="0",="0",="0",="0",="0",="0",="0",="0",="0",="0",="0",="0",="0",="0",="0",="0",="0",="0",="0",="0",="0",="0"
="VISp6a",="0",="0",="2",="0",="0",="0",="0",="0",="0",="4",="3",="0",="1",="0",="0",="0",="0",="1",="0",="0",="0",="3",="1",="0",="0",="0",="1",="1",="2",="1",="1",="6",="0",="0",="0",="0",="0",="0",="1",="3",="0",="2",="1",="0",="1",="2",="0",="0",="3",="1",="2",="1",="5",="1",="7",="2",="198",="29",="21",="6",="26",="0",="8",="12",="109",="44",="1"
="VISp6b",="0",="0",="0",="0",="0",="0",="0",="1",="0",="0",="0",="0",="0",="0",="0",="0",="0",="0",="0",="2",="0",="0",="0",="0",="0",="0",="0",="0",="0",="0",="0",="0",="1",="0",="0",="0",="0",="0",="0",="0",="0",="0",="0",="0",="0",="0",="0",="0",="0",="0",="0",="0",="0",="0",="2",="0",="55",="4",="11",="4",="3",="0",="0",="0",="8",="1",="0"
="VISli2/3",="0",="1",="2",="13",="4",="1",="1",="0",="0",="3",="1",="0",="0",="7",="0",="1",="2",="0",="2",="0",="14",="19",="0",="1",="0",="0",="0",="0",="0",="13",="0",="10",="0",="0",="0",="0",="1",="18",="0",="1",="1",="0",="0",="0",="6",="3",="8",="2",="4",="0",="0",="0",="0",="0",="0",="0",="0",="0",="0",="0",="0",="0",="0",="0",="0",="0",="2"
="VISpor4",="0",="2",="0",="0",="0",="0",="0",="0",="0",="0",="0",="0",="0",="2",="0",="0",="0",="0",="0",="0",="0",="0",="0",="0",="0",="0",="0",="0",="0",="0",="2",="0",="1",="0",="0",="0",="4",="4",="0",="0",="0",="0",="0",="1",="0",="0",="0",="0",="0",="0",="0",="2",="0",="0",="0",="0",="2",="0",="0",="0",="0",="0",="0",="0",="0",="0",="4"
="VISrl4",="0",="2",="0",="0",="7",="0",="2",="0",="0",="5",="0",="1",="0",="1",="0",="0",="0",="0",="0",="0",="0",="0",="0",="0",="2",="0",="3",="0",="4",="0",="0",="0",="0",="0",="0",="0",="0",="0",="0",="0",="3",="8",="0",="0",="0",="0",="1",="5",="6",="3",="0",="0",="0",="0",="0",="0",="0",="0",="0",="0",="0",="1",="0",="0",="0",="0",="0"
="VISrl5",="0",="0",="0",="2",="15",="0",="11",="0",="0",="2",="0",="0",="0",="0",="0",="0",="0",="0",="0",="0",="0",="0",="0",="0",="12",="0",="2",="0",="0",="0",="0",="0",="0",="0",="0",="0",="0",="0",="0",="12",="2",="2",="0",="0",="0",="1",="5",="6",="9",="0",="1",="0",="0",="0",="0",="0",="0",="0",="0",="0",="0",="2",="0",="0",="0",="0",="0"
="VISrl6b",="0",="0",="0",="0",="0",="0",="0",="0",="0",="0",="0",="0",="1",="0",="0",="0",="0",="0",="0",="0",="0",="0",="0",="0",="0",="0",="0",="0",="0",="0",="0",="0",="0",="0",="0",="0",="0",="0",="0",="0",="0",="1",="0",="0",="0",="0",="0",="0",="0",="0",="0",="0",="0",="0",="0",="0",="0",="0",="0",="0",="0",="0",="0",="0",="0",="0",="0"
="TEa4",="0",="0",="0",="0",="4",="0",="0",="0",="0",="0",="1",="0",="0",="0",="0",="0",="0",="0",="0",="0",="0",="0",="0",="0",="0",="0",="0",="0",="2",="1",="14",="10",="0",="1",="0",="0",="0",="0",="0",="1",="5",="1",="0",="0",="0",="0",="0",="0",="0",="0",="0",="1",="0",="0",="0",="0",="0",="0",="0",="0",="0",="0",="0",="0",="0",="0",="0"
="VISam2/3",="0",="0",="0",="0",="1",="1",="0",="3",="0",="0",="0",="0",="0",="0",="0",="0",="0",="0",="0",="0",="0",="0",="0",="0",="0",="0",="0",="0",="1",="4",="0",="0",="2",="0",="0",="0",="2",="0",="0",="0",="0",="2",="3",="0",="1",="0",="9",="0",="10",="3",="4",="0",="0",="15",="0",="0",="0",="0",="0",="0",="0",="0",="0",="0",="0",="0",="0"
="VISam6a",="0",="0",="0",="0",="0",="1",="0",="2",="0",="0",="0",="0",="0",="0",="0",="0",="0",="0",="0",="0",="0",="0",="0",="0",="0",="0",="0",="0",="0",="0",="0",="0",="0",="0",="0",="0",="0",="0",="0",="0",="0",="0",="0",="0",="0",="0",="0",="0",="0",="0",="0",="0",="0",="0",="0",="0",="0",="0",="0",="0",="0",="0",="0",="0",="0",="0",="0"
="VISl6a",="0",="0",="1",="0",="0",="0",="0",="0",="0",="0",="0",="0",="0",="0",="0",="0",="0",="1",="0",="0",="0",="0",="0",="0",="0",="0",="0",="0",="0",="0",="0",="0",="0",="0",="0",="0",="0",="0",="0",="0",="0",="0",="0",="0",="0",="0",="0",="0",="0",="0",="0",="0",="0",="3",="4",="1",="11",="12",="5",="0",="8",="0",="2",="9",="0",="0",="0"
="VISl6b",="0",="0",="0",="0",="0",="0",="0",="0",="0",="0",="0",="0",="0",="0",="0",="0",="0",="0",="0",="0",="0",="0",="0",="0",="0",="0",="0",="0",="0",="0",="0",="0",="0",="0",="0",="0",="0",="0",="0",="0",="0",="0",="0",="0",="0",="0",="0",="0",="0",="0",="0",="0",="0",="0",="0",="0",="10",="0",="1",="0",="4",="0",="0",="0",="0",="0",="0"
="VISpm5",="0",="0",="0",="0",="2",="6",="0",="0",="0",="0",="0",="0",="0",="0",="0",="0",="0",="0",="0",="0",="3",="0",="0",="0",="0",="0",="0",="1",="0",="1",="0",="0",="0",="0",="0",="1",="0",="1",="0",="0",="0",="1",="2",="0",="3",="0",="2",="1",="0",="1",="0",="0",="0",="0",="0",="0",="0",="0",="0",="1",="0",="0",="0",="0",="0",="0",="0"
="VISpm6a",="0",="0",="1",="0",="0",="0",="0",="0",="0",="0",="0",="1",="0",="0",="0",="0",="0",="0",="0",="0",="0",="0",="0",="0",="0",="0",="0",="0",="0",="0",="0",="0",="0",="0",="0",="0",="0",="0",="0",="0",="0",="0",="0",="0",="1",="0",="0",="0",="0",="0",="0",="0",="0",="0",="0",="0",="0",="0",="0",="0",="0",="0",="0",="0",="0",="0",="0"
="VISli6a",="0",="0",="0",="0",="0",="0",="0",="0",="0",="0",="0",="0",="0",="0",="0",="0",="0",="0",="0",="0",="0",="0",="0",="0",="0",="1",="0",="0",="0",="0",="1",="0",="0",="0",="0",="0",="0",="0",="0",="0",="0",="0",="0",="0",="0",="0",="0",="0",="0",="0",="0",="0",="0",="0",="0",="0",="0",="0",="0",="0",="2",="0",="0",="1",="0",="0",="0"
="VISa1",="0",="0",="1",="0",="1",="0",="0",="0",="0",="0",="0",="0",="0",="0",="0",="0",="0",="0",="0",="0",="0",="0",="0",="0",="0",="0",="0",="0",="1",="0",="0",="0",="0",="0",="0",="11",="0",="0",="0",="0",="1",="1",="0",="0",="2",="0",="0",="0",="0",="6",="0",="0",="0",="0",="0",="0",="0",="0",="0",="1",="0",="0",="0",="0",="0",="0",="0"
="VISa2/3",="0",="0",="7",="1",="2",="0",="0",="0",="0",="0",="0",="0",="0",="0",="0",="0",="0",="0",="0",="0",="0",="0",="0",="0",="0",="0",="0",="0",="1",="0",="0",="0",="0",="0",="0",="1",="0",="0",="0",="0",="2",="0",="0",="0",="1",="0",="1",="0",="0",="7",="0",="0",="0",="0",="0",="0",="0",="0",="0",="0",="0",="0",="0",="0",="0",="0",="0"
="VISa4",="0",="0",="0",="0",="1",="0",="0",="0",="0",="0",="0",="0",="0",="0",="0",="0",="0",="0",="0",="0",="0",="0",="0",="0",="0",="0",="0",="0",="0",="0",="0",="0",="0",="0",="0",="1",="0",="0",="0",="0",="0",="0",="0",="0",="0",="0",="0",="0",="0",="5",="0",="0",="0",="0",="0",="0",="0",="0",="0",="0",="0",="0",="0",="0",="0",="0",="0"
="VISa5",="0",="0",="5",="2",="5",="0",="0",="0",="0",="3",="0",="0",="0",="0",="0",="0",="0",="0",="0",="0",="0",="0",="0",="0",="0",="0",="0",="0",="0",="0",="0",="0",="0",="0",="0",="0",="0",="0",="0",="0",="0",="0",="0",="0",="2",="0",="0",="0",="0",="0",="0",="0",="0",="0",="0",="0",="0",="0",="0",="0",="0",="0",="0",="0",="0",="0",="0"
="VISa6a",="0",="0",="0",="0",="0",="0",="0",="0",="0",="0",="0",="0",="0",="0",="0",="0",="0",="0",="0",="0",="0",="0",="0",="0",="0",="0",="0",="0",="0",="0",="0",="0",="0",="0",="0",="0",="0",="0",="0",="0",="0",="0",="0",="0",="0",="0",="0",="0",="0",="0",="0",="0",="0",="0",="0",="0",="0",="0",="0",="0",="0",="0",="0",="0",="0",="0",="0"
="TEa6a",="0",="0",="0",="0",="0",="0",="1",="0",="0",="0",="0",="0",="0",="0",="0",="0",="0",="0",="0",="0",="0",="0",="0",="1",="0",="0",="0",="0",="0",="0",="0",="0",="0",="0",="0",="0",="0",="0",="0",="0",="0",="0",="0",="0",="0",="0",="0",="0",="0",="0",="0",="0",="0",="0",="11",="0",="0",="1",="4",="0",="0",="0",="3",="4",="0",="0",="0"
="or",="0",="0",="2",="0",="0",="0",="0",="0",="0",="0",="0",="2",="0",="0",="1",="0",="1",="0",="0",="0",="0",="0",="0",="0",="0",="0",="1",="2",="1",="0",="0",="0",="0",="0",="0",="0",="0",="0",="0",="0",="1",="0",="0",="0",="0",="1",="3",="0",="1",="0",="0",="0",="2",="1",="6",="11",="20",="6",="8",="0",="14",="7",="0",="0",="12",="10",="0"
="scwm",="0",="0",="0",="0",="0",="0",="0",="1",="0",="0",="0",="0",="0",="0",="0",="0",="0",="0",="0",="0",="0",="0",="0",="0",="0",="0",="0",="0",="0",="0",="0",="0",="0",="0",="0",="0",="0",="0",="0",="0",="0",="0",="1",="0",="0",="0",="0",="0",="0",="0",="0",="0",="0",="2",="0",="1",="2",="0",="1",="3",="0",="0",="0",="0",="2",="0",="0"
="SSp-bfd1",="0",="0",="0",="0",="0",="0",="0",="0",="0",="0",="0",="0",="0",="0",="0",="0",="0",="0",="0",="0",="0",="0",="1",="10",="0",="0",="0",="0",="0",="0",="0",="0",="0",="0",="0",="0",="0",="0",="0",="0",="0",="12",="0",="0",="0",="0",="0",="0",="0",="0",="0",="0",="0",="0",="0",="0",="0",="0",="0",="1",="0",="0",="0",="0",="0",="0",="0"
="SSp-bfd2/3",="0",="0",="0",="17",="0",="0",="0",="0",="0",="0",="0",="0",="0",="0",="0",="0",="0",="0",="0",="0",="0",="0",="0",="11",="0",="0",="0",="0",="0",="0",="0",="0",="0",="0",="0",="0",="0",="0",="0",="0",="0",="7",="0",="0",="0",="0",="0",="0",="0",="0",="0",="0",="0",="0",="0",="0",="0",="0",="0",="0",="0",="0",="0",="0",="0",="0",="0"
="SSp-bfd4",="0",="0",="0",="4",="0",="0",="0",="0",="0",="0",="0",="0",="0",="1",="0",="0",="0",="0",="0",="0",="0",="0",="0",="2",="0",="0",="0",="0",="0",="0",="0",="0",="0",="0",="0",="0",="0",="0",="0",="0",="0",="1",="0",="0",="0",="0",="0",="0",="0",="0",="0",="0",="0",="0",="0",="0",="0",="0",="0",="0",="0",="0",="0",="0",="0",="0",="0"
="SSp-bfd5",="0",="0",="0",="7",="0",="0",="0",="0",="0",="0",="0",="0",="0",="0",="0",="0",="0",="0",="0",="0",="0",="0",="0",="1",="0",="0",="0",="0",="0",="0",="0",="0",="0",="0",="0",="0",="0",="0",="0",="0",="0",="0",="0",="0",="0",="0",="0",="0",="0",="0",="0",="0",="0",="0",="0",="0",="0",="0",="0",="0",="0",="0",="0",="0",="0",="0",="0"
="SSp-bfd6a",="0",="0",="0",="0",="0",="0",="0",="0",="0",="0",="0",="0",="0",="0",="0",="0",="0",="0",="0",="0",="0",="0",="0",="0",="0",="0",="0",="0",="0",="0",="0",="0",="0",="0",="0",="0",="0",="0",="0",="0",="0",="0",="0",="0",="0",="0",="0",="0",="0",="0",="0",="0",="0",="0",="0",="0",="0",="0",="0",="0",="0",="0",="0",="0",="0",="0",="0"
="SSp-un2/3",="0",="0",="0",="4",="0",="0",="0",="0",="0",="0",="0",="0",="0",="0",="0",="0",="0",="0",="0",="0",="0",="0",="0",="0",="0",="0",="0",="0",="0",="0",="0",="0",="0",="0",="0",="0",="0",="0",="0",="0",="0",="0",="0",="0",="0",="0",="0",="0",="0",="0",="0",="0",="0",="0",="0",="0",="0",="0",="0",="0",="0",="0",="0",="0",="0",="0",="0"
="SSp-un4",="0",="0",="0",="0",="0",="0",="0",="0",="0",="0",="0",="0",="0",="0",="0",="0",="0",="0",="0",="0",="0",="0",="0",="0",="0",="0",="0",="0",="0",="0",="0",="0",="0",="0",="0",="0",="0",="0",="0",="0",="0",="0",="0",="0",="0",="0",="0",="0",="0",="0",="0",="0",="0",="0",="0",="0",="0",="0",="0",="0",="0",="0",="0",="0",="0",="0",="0"
="SSp-un5",="0",="0",="0",="3",="0",="0",="0",="0",="0",="0",="0",="0",="0",="0",="0",="0",="0",="0",="0",="0",="0",="0",="0",="0",="0",="0",="0",="0",="0",="0",="0",="0",="0",="0",="0",="0",="0",="0",="0",="0",="0",="0",="0",="0",="0",="0",="0",="0",="0",="0",="0",="0",="0",="0",="0",="0",="0",="0",="0",="0",="0",="0",="0",="0",="0",="0",="0"
="SSp-un6a",="0",="0",="0",="0",="0",="0",="0",="0",="0",="0",="0",="0",="0",="0",="0",="0",="0",="0",="0",="0",="0",="0",="0",="0",="0",="0",="0",="0",="0",="0",="0",="0",="0",="0",="0",="0",="0",="0",="0",="0",="0",="0",="0",="0",="0",="0",="0",="0",="0",="0",="0",="0",="0",="0",="0",="0",="0",="0",="0",="0",="0",="0",="0",="0",="0",="0",="0"
="AUDd6a",="0",="0",="0",="0",="0",="0",="0",="0",="0",="0",="0",="0",="0",="0",="0",="0",="0",="0",="0",="0",="0",="0",="0",="0",="0",="0",="0",="0",="0",="0",="0",="0",="0",="0",="0",="0",="0",="0",="0",="0",="0",="0",="0",="0",="0",="0",="0",="0",="0",="0",="0",="0",="0",="0",="0",="0",="0",="0",="0",="0",="0",="0",="0",="0",="0",="0",="0"
="AUDpo2/3",="0",="0",="0",="2",="1",="0",="0",="0",="0",="0",="0",="0",="0",="0",="0",="0",="0",="0",="0",="0",="0",="0",="0",="0",="0",="0",="0",="0",="1",="0",="0",="0",="0",="0",="0",="0",="0",="0",="0",="1",="0",="0",="0",="0",="0",="2",="0",="10",="0",="0",="0",="0",="0",="0",="0",="0",="0",="0",="0",="0",="0",="0",="0",="0",="0",="0",="0"
="AUDpo4",="0",="0",="0",="1",="1",="0",="0",="0",="0",="0",="0",="0",="0",="0",="0",="1",="0",="0",="0",="0",="0",="0",="0",="0",="0",="0",="0",="0",="0",="0",="0",="0",="0",="0",="0",="0",="0",="0",="0",="0",="0",="0",="0",="0",="0",="0",="0",="0",="0",="0",="0",="0",="0",="0",="0",="0",="0",="0",="0",="0",="0",="0",="0",="0",="0",="0",="0"
="AUDpo5",="0",="0",="0",="1",="0",="0",="1",="0",="0",="0",="0",="0",="0",="0",="0",="1",="0",="1",="0",="0",="0",="0",="0",="0",="0",="0",="0",="0",="0",="0",="0",="0",="0",="0",="0",="1",="0",="0",="0",="0",="2",="1",="0",="0",="0",="0",="0",="0",="0",="0",="0",="0",="0",="0",="0",="0",="0",="0",="0",="0",="0",="0",="0",="0",="0",="0",="0"
="AUDpo6a",="0",="0",="0",="0",="0",="0",="0",="0",="0",="0",="0",="0",="1",="0",="0",="0",="0",="0",="0",="0",="0",="1",="0",="0",="0",="0",="0",="0",="0",="0",="0",="0",="0",="0",="0",="0",="0",="0",="0",="0",="0",="0",="0",="0",="0",="0",="0",="0",="0",="0",="0",="0",="0",="0",="0",="0",="0",="0",="0",="0",="0",="0",="0",="0",="0",="0",="0"
="VISli1",="0",="0",="0",="2",="3",="0",="2",="0",="0",="2",="0",="1",="0",="3",="0",="1",="0",="0",="0",="0",="1",="0",="1",="0",="0",="0",="4",="0",="2",="3",="0",="20",="0",="0",="0",="5",="3",="2",="0",="2",="4",="0",="0",="0",="2",="4",="3",="2",="5",="0",="0",="0",="0",="0",="0",="6",="0",="0",="0",="2",="0",="0",="0",="0",="0",="0",="7"
="VISli4",="0",="0",="0",="1",="1",="0",="0",="0",="0",="0",="0",="0",="0",="0",="0",="0",="0",="0",="0",="0",="1",="2",="0",="0",="0",="0",="0",="0",="0",="2",="0",="0",="0",="0",="0",="1",="0",="1",="0",="0",="2",="0",="0",="0",="1",="0",="1",="0",="0",="0",="0",="0",="0",="0",="0",="0",="0",="0",="0",="0",="0",="0",="0",="0",="0",="0",="0"
="VISrl1",="0",="0",="0",="4",="4",="0",="6",="0",="0",="31",="0",="1",="0",="10",="0",="0",="0",="0",="0",="0",="0",="0",="0",="1",="13",="0",="0",="0",="5",="0",="0",="0",="1",="0",="0",="2",="0",="0",="3",="5",="0",="35",="0",="0",="0",="0",="0",="5",="18",="7",="3",="0",="0",="0",="0",="0",="0",="0",="0",="3",="0",="2",="0",="0",="0",="0",="0"
="VISrl2/3",="0",="0",="0",="12",="21",="0",="3",="0",="0",="24",="0",="1",="0",="4",="0",="0",="0",="0",="0",="0",="0",="0",="0",="0",="4",="0",="1",="0",="1",="0",="0",="0",="0",="0",="0",="0",="0",="0",="0",="4",="0",="15",="0",="0",="0",="0",="0",="6",="3",="1",="6",="0",="0",="0",="0",="0",="0",="0",="0",="0",="0",="0",="0",="0",="0",="0",="0"
="VISrl6a",="0",="0",="0",="1",="0",="0",="0",="0",="0",="0",="0",="0",="1",="0",="0",="0",="0",="0",="0",="0",="0",="0",="0",="0",="0",="0",="0",="0",="0",="0",="0",="0",="0",="0",="0",="0",="0",="0",="0",="0",="1",="0",="0",="0",="0",="0",="0",="1",="0",="0",="0",="0",="0",="0",="0",="0",="0",="1",="0",="0",="0",="0",="0",="0",="0",="0",="0"
="TEa1",="0",="0",="0",="3",="1",="0",="0",="0",="0",="4",="0",="0",="0",="2",="0",="0",="5",="0",="0",="0",="0",="0",="0",="0",="0",="0",="2",="1",="0",="0",="0",="23",="0",="0",="2",="0",="2",="0",="0",="1",="9",="1",="0",="0",="0",="2",="0",="0",="1",="0",="2",="0",="0",="0",="0",="0",="0",="0",="0",="0",="0",="0",="0",="0",="0",="0",="1"
="TEa2/3",="0",="0",="0",="8",="2",="0",="0",="0",="0",="6",="1",="0",="0",="0",="6",="0",="4",="0",="0",="0",="0",="0",="0",="0",="0",="0",="1",="0",="5",="0",="6",="22",="0",="1",="0",="0",="1",="1",="0",="1",="3",="0",="1",="0",="2",="0",="0",="0",="1",="0",="1",="0",="0",="0",="0",="0",="0",="0",="0",="0",="0",="0",="0",="0",="0",="0",="0"
="SSs1",="0",="0",="0",="0",="1",="0",="0",="0",="0",="0",="1",="0",="0",="0",="0",="0",="0",="0",="0",="0",="0",="0",="0",="0",="0",="0",="0",="0",="0",="0",="0",="0",="0",="0",="0",="0",="0",="0",="0",="0",="0",="0",="0",="0",="0",="0",="0",="0",="0",="0",="0",="0",="0",="0",="0",="0",="0",="0",="0",="2",="0",="0",="0",="0",="0",="0",="0"
="AUDd1",="0",="0",="0",="0",="0",="0",="0",="0",="0",="0",="0",="0",="0",="0",="0",="0",="0",="0",="0",="0",="0",="0",="0",="0",="0",="0",="0",="0",="0",="0",="0",="0",="0",="0",="0",="0",="0",="0",="0",="0",="0",="0",="0",="0",="0",="0",="0",="0",="0",="0",="0",="0",="0",="0",="0",="0",="0",="0",="0",="0",="0",="0",="0",="0",="0",="0",="0"
="AUDd2/3",="0",="0",="0",="0",="1",="0",="0",="0",="0",="0",="0",="0",="0",="0",="0",="0",="0",="0",="0",="0",="0",="0",="1",="0",="0",="0",="0",="0",="0",="0",="0",="0",="0",="0",="0",="0",="0",="0",="0",="0",="0",="0",="0",="0",="0",="0",="0",="0",="0",="0",="0",="0",="0",="0",="0",="0",="0",="0",="0",="0",="0",="0",="0",="0",="0",="0",="0"
="AUDd4",="0",="0",="0",="0",="0",="0",="0",="0",="0",="0",="0",="0",="0",="0",="0",="0",="0",="0",="0",="0",="0",="0",="0",="0",="0",="0",="0",="0",="0",="0",="0",="0",="0",="0",="0",="0",="0",="0",="0",="0",="0",="0",="0",="0",="0",="0",="0",="0",="0",="0",="0",="0",="0",="0",="0",="0",="0",="0",="0",="0",="0",="0",="0",="0",="0",="0",="0"
="AUDpo1",="0",="0",="0",="0",="0",="0",="0",="0",="0",="0",="0",="0",="0",="0",="0",="0",="0",="0",="0",="0",="0",="0",="0",="0",="0",="0",="0",="0",="0",="0",="0",="0",="0",="0",="0",="0",="0",="0",="0",="0",="0",="0",="0",="0",="0",="0",="0",="9",="0",="0",="0",="0",="0",="0",="0",="0",="0",="0",="0",="0",="0",="0",="0",="0",="0",="0",="0"
="VISam4",="0",="0",="0",="0",="1",="0",="0",="0",="0",="0",="0",="0",="0",="0",="0",="0",="0",="0",="0",="0",="0",="0",="0",="0",="0",="0",="0",="0",="0",="0",="0",="0",="0",="0",="0",="1",="0",="0",="0",="0",="0",="0",="0",="0",="0",="0",="0",="0",="2",="0",="3",="0",="0",="0",="0",="0",="0",="0",="0",="1",="0",="0",="0",="0",="0",="0",="0"
="VISpm1",="0",="0",="0",="0",="2",="11",="0",="0",="0",="0",="0",="0",="0",="0",="0",="0",="0",="0",="0",="2",="0",="0",="0",="0",="0",="0",="1",="0",="1",="2",="0",="27",="23",="0",="4",="18",="12",="3",="0",="0",="2",="3",="14",="0",="4",="0",="1",="0",="7",="1",="4",="1",="0",="1",="0",="0",="0",="0",="0",="15",="0",="0",="0",="0",="0",="0",="0"
="VISpm4",="0",="0",="0",="0",="0",="3",="0",="0",="0",="0",="0",="0",="0",="0",="0",="0",="0",="0",="0",="1",="0",="0",="0",="0",="0",="0",="0",="0",="0",="0",="0",="1",="0",="0",="0",="4",="0",="0",="0",="0",="0",="1",="0",="0",="0",="0",="0",="0",="3",="2",="0",="0",="0",="0",="0",="0",="0",="0",="0",="0",="0",="0",="0",="0",="0",="0",="0"
="fp",="0",="0",="0",="0",="1",="0",="0",="0",="0",="0",="0",="1",="0",="0",="0",="0",="1",="0",="0",="0",="1",="0",="0",="0",="0",="0",="1",="0",="0",="0",="0",="0",="0",="0",="0",="0",="0",="0",="0",="0",="1",="1",="0",="1",="0",="0",="0",="0",="2",="0",="0",="0",="0",="0",="1",="0",="0",="1",="3",="0",="1",="0",="0",="0",="0",="0",="0"
="SSp-tr6a",="0",="0",="0",="0",="0",="1",="0",="0",="0",="0",="0",="0",="0",="0",="0",="0",="0",="0",="0",="0",="0",="0",="0",="0",="0",="0",="0",="0",="0",="0",="0",="0",="0",="0",="0",="0",="0",="0",="0",="0",="0",="0",="0",="0",="0",="0",="0",="0",="0",="0",="0",="0",="0",="0",="0",="0",="0",="0",="0",="0",="0",="0",="0",="0",="0",="0",="0"
="ENTl6a",="0",="0",="0",="0",="0",="0",="0",="0",="0",="0",="0",="0",="0",="0",="0",="0",="0",="2",="0",="0",="0",="0",="0",="0",="0",="0",="0",="0",="0",="0",="0",="0",="0",="0",="0",="0",="0",="0",="0",="0",="0",="0",="0",="0",="0",="0",="0",="0",="0",="0",="0",="0",="0",="0",="0",="0",="9",="0",="1",="0",="1",="0",="0",="2",="0",="0",="0"
="VISam1",="0",="0",="0",="0",="0",="0",="0",="3",="0",="0",="0",="0",="0",="0",="0",="0",="0",="0",="0",="0",="0",="0",="0",="0",="0",="0",="0",="0",="1",="0",="0",="0",="5",="0",="0",="15",="6",="0",="0",="0",="2",="2",="3",="0",="0",="0",="12",="0",="6",="0",="8",="0",="0",="18",="0",="0",="0",="0",="0",="6",="0",="0",="0",="0",="0",="0",="0"
="VISam6b",="0",="0",="0",="0",="0",="0",="0",="0",="0",="0",="0",="0",="0",="0",="0",="0",="0",="0",="0",="0",="0",="0",="0",="0",="0",="0",="0",="0",="0",="0",="0",="0",="0",="0",="0",="0",="0",="0",="0",="0",="0",="0",="0",="0",="0",="0",="0",="0",="0",="0",="0",="0",="0",="0",="0",="0",="0",="0",="0",="0",="0",="0",="0",="0",="0",="0",="0"
="VISpm2/3",="0",="0",="0",="0",="0",="3",="0",="0",="0",="0",="0",="0",="0",="0",="0",="0",="0",="0",="0",="3",="0",="0",="0",="0",="0",="0",="0",="1",="1",="3",="0",="20",="11",="0",="1",="0",="2",="0",="0",="0",="3",="7",="16",="0",="0",="0",="2",="0",="5",="3",="3",="1",="0",="0",="0",="0",="0",="0",="0",="0",="0",="0",="0",="0",="0",="0",="0"
="VISpm6b",="0",="0",="0",="0",="0",="0",="0",="0",="0",="0",="0",="0",="0",="0",="0",="0",="0",="0",="0",="0",="0",="0",="0",="0",="0",="0",="0",="0",="0",="0",="0",="0",="0",="0",="0",="0",="0",="0",="0",="0",="0",="0",="0",="0",="0",="0",="0",="0",="0",="0",="0",="0",="0",="0",="0",="0",="0",="0",="0",="0",="0",="0",="0",="0",="0",="0",="0"
="VISli6b",="0",="0",="0",="0",="0",="0",="0",="0",="0",="0",="0",="0",="0",="0",="0",="0",="0",="0",="0",="0",="0",="0",="0",="0",="0",="0",="0",="0",="0",="0",="0",="0",="0",="0",="0",="0",="0",="0",="0",="0",="0",="0",="0",="0",="0",="0",="0",="0",="0",="0",="0",="0",="0",="0",="0",="0",="0",="0",="0",="0",="0",="0",="0",="0",="0",="0",="0"
="RSPagl6b",="0",="0",="0",="0",="0",="0",="0",="0",="0",="0",="0",="0",="0",="0",="0",="0",="0",="0",="0",="0",="0",="0",="0",="0",="0",="0",="0",="0",="0",="0",="0",="0",="0",="0",="0",="0",="0",="0",="0",="0",="0",="0",="0",="0",="0",="0",="0",="0",="0",="0",="0",="0",="0",="0",="0",="0",="0",="0",="0",="0",="0",="0",="0",="0",="0",="0",="0"
="RSPd6b",="0",="0",="0",="0",="0",="0",="0",="0",="0",="0",="0",="0",="0",="0",="0",="0",="0",="0",="0",="0",="0",="0",="0",="0",="0",="0",="0",="0",="0",="0",="0",="0",="0",="0",="0",="0",="0",="0",="0",="0",="0",="0",="0",="0",="0",="0",="0",="0",="0",="0",="0",="0",="0",="0",="0",="0",="0",="0",="0",="0",="0",="0",="0",="0",="0",="0",="0"
="RSPv6a",="0",="0",="0",="0",="0",="0",="0",="0",="0",="0",="0",="0",="0",="0",="0",="0",="0",="0",="0",="0",="0",="0",="0",="0",="0",="0",="0",="1",="0",="0",="0",="0",="0",="0",="0",="0",="0",="6",="0",="0",="0",="0",="1",="0",="4",="0",="0",="16",="4",="8",="1",="1",="0",="0",="0",="0",="3",="0",="1",="0",="0",="0",="0",="0",="0",="0",="0"
="VISa6b",="0",="0",="0",="0",="0",="0",="0",="0",="0",="0",="0",="0",="0",="0",="0",="0",="0",="0",="0",="0",="0",="0",="0",="0",="0",="0",="0",="0",="0",="0",="0",="0",="0",="0",="0",="0",="0",="0",="0",="0",="0",="0",="0",="0",="0",="0",="0",="0",="0",="0",="0",="0",="0",="0",="0",="0",="0",="0",="0",="0",="0",="0",="0",="0",="0",="0",="0"
="TEa6b",="0",="0",="0",="0",="0",="1",="0",="0",="0",="0",="0",="0",="0",="0",="0",="0",="0",="0",="0",="0",="0",="0",="0",="0",="0",="0",="0",="0",="0",="0",="0",="0",="0",="0",="0",="0",="0",="0",="0",="0",="0",="0",="0",="0",="0",="0",="0",="0",="0",="0",="0",="0",="0",="0",="2",="0",="4",="0",="0",="0",="0",="0",="1",="0",="1",="0",="0"
="PERI6a",="0",="0",="0",="0",="0",="0",="0",="1",="0",="0",="0",="0",="0",="0",="0",="1",="0",="0",="0",="0",="0",="0",="0",="0",="0",="0",="0",="0",="0",="0",="0",="0",="0",="0",="0",="0",="0",="0",="0",="0",="0",="0",="0",="0",="0",="0",="0",="0",="0",="0",="0",="0",="0",="0",="0",="0",="0",="0",="0",="0",="0",="0",="0",="0",="0",="0",="0"
="PERI6b",="0",="0",="0",="0",="0",="0",="0",="0",="0",="0",="0",="0",="0",="0",="0",="0",="0",="0",="0",="0",="0",="0",="0",="0",="0",="0",="0",="0",="0",="0",="0",="0",="0",="0",="0",="0",="0",="0",="0",="0",="0",="0",="0",="0",="0",="0",="0",="0",="0",="0",="0",="0",="0",="0",="0",="0",="0",="0",="0",="0",="0",="0",="0",="0",="0",="0",="0"
="ECT6b",="0",="0",="0",="0",="0",="0",="0",="0",="0",="0",="0",="0",="0",="0",="0",="0",="0",="0",="0",="0",="0",="0",="0",="0",="0",="0",="0",="0",="0",="0",="0",="0",="0",="0",="0",="0",="0",="0",="0",="0",="0",="0",="0",="0",="0",="0",="0",="0",="0",="0",="0",="0",="0",="0",="2",="0",="0",="0",="2",="0",="0",="0",="0",="0",="0",="0",="0"
="ec",="0",="0",="0",="0",="0",="0",="0",="0",="0",="0",="0",="1",="1",="0",="0",="0",="0",="0",="0",="0",="0",="0",="0",="0",="0",="0",="0",="0",="0",="0",="0",="0",="0",="0",="0",="0",="0",="0",="0",="0",="0",="0",="0",="0",="0",="0",="0",="0",="0",="0",="0",="0",="0",="1",="8",="1",="0",="0",="5",="0",="3",="0",="0",="0",="1",="0",="1"
="ar",="0",="0",="0",="0",="0",="0",="0",="0",="0",="0",="0",="0",="0",="0",="0",="0",="0",="0",="0",="0",="0",="0",="0",="0",="0",="0",="0",="0",="0",="0",="0",="0",="0",="0",="0",="0",="0",="0",="0",="0",="0",="0",="0",="0",="0",="0",="0",="0",="0",="0",="0",="0",="0",="0",="1",="0",="2",="0",="0",="0",="0",="0",="0",="0",="2",="3",="0"
="cing",="0",="0",="0",="0",="0",="0",="0",="0",="0",="0",="0",="0",="0",="0",="0",="0",="0",="0",="0",="0",="0",="0",="0",="0",="0",="0",="0",="0",="0",="0",="0",="0",="0",="0",="1",="0",="0",="0",="0",="0",="0",="1",="0",="0",="1",="0",="2",="1",="4",="0",="0",="0",="0",="0",="0",="0",="0",="0",="0",="0",="0",="0",="0",="0",="0",="0",="0"
="AUDd5",="0",="0",="0",="0",="0",="0",="0",="0",="0",="0",="1",="0",="0",="0",="0",="1",="0",="0",="0",="0",="0",="0",="0",="0",="0",="0",="0",="0",="0",="0",="0",="0",="0",="0",="0",="0",="0",="0",="0",="0",="0",="0",="0",="0",="0",="0",="0",="0",="0",="0",="0",="0",="0",="0",="0",="0",="0",="0",="0",="0",="0",="0",="0",="0",="0",="0",="0"
="AUDd6b",="0",="0",="0",="0",="0",="0",="0",="0",="0",="0",="0",="0",="0",="0",="0",="0",="0",="0",="0",="0",="0",="0",="0",="0",="0",="0",="0",="0",="0",="0",="0",="0",="0",="0",="0",="0",="0",="0",="0",="0",="0",="0",="0",="0",="0",="0",="0",="0",="0",="0",="0",="0",="0",="0",="0",="0",="0",="0",="0",="0",="0",="0",="0",="0",="0",="0",="0"
="ENTl1",="0",="0",="0",="0",="0",="0",="0",="0",="0",="0",="0",="0",="0",="0",="0",="0",="0",="0",="0",="0",="0",="0",="0",="0",="0",="0",="0",="0",="0",="0",="0",="0",="0",="0",="0",="0",="0",="0",="0",="0",="0",="0",="0",="0",="0",="0",="0",="0",="0",="0",="0",="0",="0",="0",="0",="0",="0",="0",="0",="0",="0",="0",="0",="0",="0",="0",="0"
="ENTm6",="0",="0",="0",="0",="0",="0",="0",="0",="0",="0",="0",="0",="0",="0",="0",="0",="0",="0",="0",="0",="0",="0",="0",="0",="0",="0",="0",="0",="0",="0",="0",="0",="0",="0",="0",="0",="0",="0",="0",="0",="0",="0",="0",="0",="0",="0",="0",="0",="0",="0",="0",="0",="0",="0",="0",="0",="0",="3",="0",="0",="0",="0",="0",="1",="0",="0",="0"
="VISam5",="0",="0",="0",="0",="0",="0",="0",="2",="0",="0",="0",="0",="0",="0",="0",="0",="0",="0",="0",="0",="0",="0",="0",="0",="0",="0",="0",="0",="0",="1",="0",="0",="0",="0",="2",="0",="0",="0",="0",="0",="0",="0",="1",="0",="0",="0",="2",="0",="0",="1",="0",="0",="0",="0",="0",="0",="0",="0",="0",="0",="0",="0",="0",="0",="0",="0",="0"
="VISpor6a",="0",="0",="0",="0",="0",="0",="0",="1",="1",="0",="0",="0",="0",="0",="1",="0",="0",="0",="0",="0",="0",="0",="0",="0",="0",="0",="0",="0",="0",="0",="0",="0",="0",="0",="0",="0",="1",="0",="0",="0",="0",="1",="0",="0",="0",="0",="0",="0",="0",="2",="0",="0",="0",="1",="7",="0",="13",="7",="2",="0",="5",="0",="0",="2",="0",="0",="0"
="VISpor6b",="0",="0",="0",="0",="0",="0",="0",="0",="0",="0",="0",="0",="0",="0",="0",="0",="0",="0",="0",="0",="0",="0",="0",="0",="0",="0",="0",="0",="0",="0",="0",="0",="0",="0",="0",="0",="0",="0",="0",="0",="0",="0",="0",="0",="0",="0",="0",="0",="0",="0",="0",="0",="1",="0",="2",="0",="9",="2",="0",="0",="4",="0",="0",="0",="12",="0",="0"
="PERI2/3",="0",="0",="0",="0",="0",="0",="0",="1",="0",="0",="0",="0",="0",="0",="0",="0",="1",="0",="0",="0",="0",="0",="0",="0",="0",="0",="0",="0",="0",="0",="0",="0",="0",="0",="0",="0",="0",="0",="0",="0",="0",="0",="0",="0",="0",="0",="0",="0",="0",="0",="0",="0",="0",="0",="0",="0",="0",="0",="0",="0",="0",="0",="0",="0",="0",="0",="0"
="PERI5",="0",="0",="0",="0",="0",="0",="0",="0",="0",="0",="0",="0",="0",="0",="0",="1",="0",="1",="0",="0",="0",="0",="0",="0",="0",="0",="0",="0",="0",="0",="0",="0",="0",="0",="0",="0",="0",="0",="0",="0",="0",="0",="0",="0",="0",="0",="0",="0",="0",="0",="0",="0",="0",="0",="0",="0",="0",="0",="0",="0",="0",="0",="0",="0",="0",="0",="0"
="ECT5",="0",="0",="0",="0",="0",="0",="0",="0",="0",="0",="0",="0",="0",="0",="0",="1",="0",="0",="0",="0",="0",="0",="0",="0",="0",="0",="0",="0",="0",="0",="0",="0",="0",="0",="0",="0",="0",="0",="0",="0",="0",="0",="0",="0",="0",="0",="0",="0",="0",="0",="0",="0",="0",="0",="0",="0",="0",="0",="0",="0",="0",="0",="0",="0",="0",="0",="0"
="APr",="0",="0",="0",="0",="0",="0",="0",="0",="0",="0",="0",="0",="0",="0",="0",="0",="0",="0",="0",="0",="0",="0",="0",="0",="0",="0",="0",="16",="26",="0",="0",="0",="0",="0",="0",="10",="0",="3",="0",="0",="0",="0",="0",="0",="0",="0",="0",="0",="0",="0",="23",="4",="0",="0",="0",="0",="57",="0",="6",="0",="0",="0",="0",="0",="0",="0",="0"
="VISpl6a",="0",="0",="0",="0",="0",="0",="0",="0",="0",="0",="0",="0",="0",="0",="0",="0",="0",="0",="0",="0",="0",="0",="0",="0",="0",="0",="0",="0",="0",="0",="0",="0",="1",="0",="0",="0",="0",="0",="0",="0",="0",="0",="0",="0",="0",="0",="0",="0",="0",="0",="0",="0",="4",="0",="3",="0",="12",="0",="4",="0",="3",="0",="0",="0",="25",="0",="0"
="ACAv2/3",="0",="0",="0",="0",="0",="0",="0",="0",="2",="0",="0",="0",="0",="0",="0",="0",="0",="0",="0",="0",="0",="0",="0",="0",="0",="0",="0",="0",="22",="0",="0",="0",="0",="0",="0",="1",="9",="0",="0",="4",="0",="0",="5",="0",="9",="0",="4",="0",="13",="2",="0",="0",="0",="0",="0",="0",="0",="0",="0",="0",="0",="0",="0",="0",="0",="0",="0"
="ACAv5",="0",="0",="0",="0",="0",="0",="0",="0",="2",="0",="0",="0",="0",="0",="0",="0",="0",="0",="0",="0",="0",="0",="0",="0",="0",="0",="0",="0",="1",="0",="0",="0",="0",="0",="0",="0",="1",="0",="0",="0",="0",="0",="0",="0",="0",="0",="2",="0",="1",="2",="0",="0",="0",="0",="0",="0",="0",="0",="0",="1",="0",="0",="0",="0",="0",="0",="0"
="ACAv6a",="0",="0",="0",="0",="0",="0",="0",="0",="0",="0",="0",="0",="0",="0",="0",="0",="0",="0",="0",="0",="0",="0",="0",="0",="0",="0",="0",="0",="0",="0",="0",="0",="0",="0",="0",="0",="0",="0",="0",="0",="0",="0",="0",="0",="0",="0",="0",="0",="0",="0",="0",="0",="0",="0",="0",="0",="0",="0",="0",="0",="0",="0",="0",="0",="0",="0",="0"
="ILA5",="0",="0",="0",="0",="0",="0",="0",="0",="4",="0",="0",="0",="0",="0",="0",="0",="0",="0",="0",="0",="0",="0",="0",="0",="0",="0",="0",="0",="0",="0",="0",="0",="0",="0",="0",="0",="0",="0",="0",="0",="0",="0",="0",="0",="0",="0",="0",="0",="0",="0",="0",="0",="0",="0",="0",="0",="0",="0",="0",="0",="0",="0",="0",="0",="0",="0",="0"
="ECT6a",="0",="0",="0",="0",="0",="0",="0",="0",="1",="0",="0",="0",="0",="0",="0",="0",="0",="0",="0",="0",="0",="0",="0",="0",="0",="0",="0",="0",="0",="0",="0",="0",="0",="0",="0",="0",="0",="0",="0",="0",="0",="0",="0",="0",="0",="0",="0",="0",="0",="0",="0",="0",="0",="0",="3",="0",="0",="0",="8",="0",="0",="0",="0",="0",="0",="0",="0"
="IG",="0",="0",="0",="0",="0",="0",="0",="0",="0",="0",="0",="0",="0",="0",="0",="0",="0",="0",="0",="0",="0",="0",="0",="0",="0",="0",="0",="0",="0",="0",="0",="0",="0",="0",="0",="0",="0",="0",="0",="0",="0",="0",="0",="0",="0",="0",="0",="0",="0",="0",="0",="0",="0",="0",="0",="0",="0",="0",="0",="0",="0",="0",="0",="0",="0",="0",="0"
="LSr",="0",="0",="0",="0",="0",="0",="0",="0",="0",="0",="0",="0",="0",="0",="0",="0",="0",="0",="0",="0",="0",="0",="0",="0",="0",="0",="0",="0",="0",="0",="0",="0",="0",="0",="0",="0",="0",="0",="0",="0",="0",="0",="0",="0",="0",="0",="0",="0",="0",="0",="0",="0",="0",="0",="0",="2",="0",="0",="0",="0",="0",="0",="0",="0",="0",="0",="0"
="SH",="0",="0",="0",="0",="0",="0",="0",="0",="0",="0",="0",="0",="0",="0",="0",="0",="0",="0",="0",="0",="0",="0",="0",="0",="0",="0",="0",="0",="0",="0",="0",="0",="0",="0",="0",="0",="0",="0",="0",="0",="0",="0",="0",="0",="0",="0",="0",="0",="0",="0",="0",="0",="0",="0",="0",="0",="0",="0",="0",="0",="0",="0",="0",="0",="0",="0",="0"
="dhc",="0",="0",="0",="0",="0",="0",="0",="0",="0",="0",="0",="0",="0",="0",="0",="0",="1",="0",="0",="0",="0",="0",="0",="0",="0",="0",="0",="0",="0",="0",="0",="0",="0",="0",="0",="0",="0",="0",="0",="0",="0",="0",="0",="0",="0",="0",="0",="0",="0",="0",="0",="0",="0",="0",="2",="0",="0",="0",="0",="0",="0",="0",="0",="0",="0",="0",="0"
="df",="0",="0",="0",="0",="0",="0",="0",="0",="0",="0",="0",="0",="0",="0",="0",="0",="0",="0",="0",="0",="0",="0",="0",="0",="0",="0",="0",="0",="0",="0",="0",="0",="0",="0",="0",="0",="0",="0",="0",="0",="0",="0",="0",="0",="0",="0",="0",="0",="0",="0",="0",="0",="0",="0",="0",="0",="0",="0",="0",="0",="0",="0",="0",="0",="0",="0",="0"
="ccb",="0",="0",="0",="0",="0",="0",="0",="0",="0",="0",="0",="0",="0",="0",="0",="0",="0",="0",="0",="0",="0",="0",="0",="0",="0",="0",="0",="0",="0",="0",="0",="0",="0",="0",="0",="0",="0",="0",="0",="0",="0",="3",="0",="0",="0",="0",="0",="0",="0",="0",="3",="0",="0",="0",="0",="0",="0",="0",="0",="0",="0",="1",="0",="0",="0",="0",="0"
="ccs",="0",="0",="0",="0",="0",="0",="0",="0",="0",="0",="0",="0",="0",="0",="0",="0",="0",="0",="0",="0",="0",="0",="0",="0",="0",="0",="1",="0",="0",="1",="0",="0",="0",="0",="0",="0",="0",="0",="0",="0",="0",="1",="0",="0",="0",="0",="0",="0",="0",="0",="0",="0",="0",="0",="0",="0",="0",="0",="0",="0",="0",="0",="0",="0",="0",="0",="0"
="SSs2/3",="0",="0",="0",="0",="0",="0",="0",="0",="0",="0",="0",="0",="0",="0",="0",="1",="0",="0",="0",="0",="0",="0",="0",="1",="0",="0",="0",="0",="0",="0",="0",="0",="0",="0",="0",="0",="0",="0",="0",="0",="0",="0",="0",="0",="0",="0",="0",="0",="0",="0",="0",="0",="0",="0",="0",="0",="0",="0",="0",="0",="0",="0",="0",="0",="0",="0",="0"
="AUDp4",="0",="0",="0",="0",="0",="0",="0",="0",="0",="0",="1",="0",="0",="0",="0",="0",="0",="0",="0",="0",="0",="0",="0",="0",="0",="0",="0",="0",="0",="0",="0",="0",="0",="0",="0",="0",="0",="0",="0",="0",="0",="0",="0",="0",="0",="0",="0",="0",="0",="0",="0",="0",="0",="0",="0",="0",="0",="0",="0",="0",="0",="0",="0",="0",="0",="0",="0"
="AUDp5",="0",="0",="0",="0",="0",="0",="0",="0",="0",="0",="3",="0",="0",="0",="0",="0",="0",="0",="0",="0",="0",="0",="0",="0",="0",="0",="0",="0",="0",="0",="0",="0",="0",="0",="0",="0",="0",="0",="0",="0",="0",="1",="0",="0",="0",="0",="0",="0",="0",="0",="0",="0",="0",="0",="0",="0",="0",="0",="0",="0",="0",="0",="0",="0",="0",="0",="0"
="AUDpo6b",="0",="0",="0",="0",="0",="0",="0",="0",="0",="0",="0",="0",="0",="0",="0",="0",="0",="0",="0",="0",="0",="0",="0",="0",="0",="0",="0",="0",="0",="0",="0",="0",="0",="0",="0",="0",="0",="0",="0",="0",="0",="0",="0",="0",="0",="0",="0",="0",="0",="0",="0",="0",="0",="0",="0",="0",="0",="0",="0",="0",="0",="0",="0",="0",="0",="0",="0"
="ECT2/3",="0",="0",="0",="0",="0",="0",="0",="0",="0",="0",="0",="0",="0",="0",="1",="0",="4",="0",="0",="0",="0",="0",="0",="0",="0",="0",="0",="0",="0",="0",="0",="0",="0",="0",="0",="0",="0",="0",="0",="0",="0",="0",="1",="0",="0",="0",="0",="0",="0",="0",="0",="0",="0",="0",="0",="0",="0",="0",="0",="0",="0",="0",="0",="0",="0",="0",="0"
="SSs4",="0",="0",="0",="0",="0",="0",="0",="0",="0",="0",="0",="0",="0",="0",="0",="0",="0",="0",="0",="0",="0",="0",="0",="0",="0",="0",="0",="0",="0",="0",="0",="0",="0",="0",="0",="0",="0",="0",="0",="0",="0",="0",="0",="0",="0",="0",="0",="0",="0",="0",="0",="0",="0",="0",="0",="0",="0",="0",="0",="0",="0",="0",="0",="0",="0",="0",="0"
="SSs5",="0",="0",="0",="0",="0",="0",="0",="0",="0",="0",="0",="0",="0",="0",="0",="1",="0",="0",="0",="0",="0",="0",="0",="0",="0",="0",="0",="0",="0",="0",="0",="0",="0",="0",="0",="0",="0",="0",="0",="0",="0",="0",="0",="0",="0",="0",="0",="0",="0",="0",="0",="0",="0",="0",="0",="0",="0",="0",="0",="0",="0",="0",="0",="0",="0",="0",="0"
="AUDv5",="0",="0",="0",="0",="0",="0",="0",="0",="0",="0",="0",="0",="0",="0",="0",="0",="0",="0",="0",="0",="0",="0",="0",="0",="0",="0",="0",="0",="0",="0",="0",="0",="0",="0",="0",="0",="0",="0",="0",="0",="0",="0",="0",="0",="0",="0",="0",="0",="0",="0",="0",="0",="0",="0",="0",="0",="0",="0",="0",="0",="0",="0",="0",="0",="0",="0",="0"
="AUDv6a",="0",="0",="0",="0",="0",="0",="0",="0",="0",="0",="0",="0",="0",="0",="0",="0",="0",="0",="0",="0",="0",="0",="0",="0",="0",="0",="0",="0",="0",="0",="0",="0",="0",="0",="0",="0",="0",="0",="0",="0",="0",="0",="0",="0",="0",="0",="0",="0",="0",="0",="0",="0",="0",="0",="0",="0",="0",="0",="0",="0",="0",="0",="0",="0",="0",="0",="0"
="AUDv6b",="0",="0",="0",="0",="0",="0",="0",="0",="0",="0",="0",="0",="0",="0",="0",="0",="1",="0",="0",="0",="0",="0",="0",="0",="0",="0",="0",="0",="0",="0",="0",="0",="0",="0",="0",="0",="0",="0",="0",="0",="0",="0",="0",="0",="0",="0",="0",="0",="0",="0",="0",="0",="0",="0",="0",="0",="0",="0",="0",="0",="0",="0",="0",="0",="0",="0",="0"
="PERI1",="0",="0",="0",="0",="0",="0",="0",="0",="0",="0",="0",="0",="0",="0",="0",="0",="0",="0",="0",="0",="0",="0",="0",="0",="0",="0",="0",="0",="0",="0",="0",="0",="0",="0",="0",="0",="0",="0",="0",="0",="0",="0",="0",="0",="0",="0",="0",="0",="0",="0",="0",="0",="0",="0",="0",="0",="0",="0",="0",="0",="0",="0",="0",="0",="0",="0",="0"
="VISpl6b",="0",="0",="0",="0",="0",="0",="0",="0",="0",="0",="0",="0",="0",="0",="0",="0",="0",="0",="0",="0",="0",="0",="0",="0",="0",="0",="0",="0",="0",="0",="0",="0",="0",="0",="0",="0",="0",="0",="0",="0",="0",="0",="0",="0",="0",="0",="0",="0",="0",="0",="0",="0",="0",="0",="1",="0",="0",="0",="1",="0",="0",="0",="0",="0",="0",="0",="0"
="CP",="0",="0",="0",="0",="0",="0",="0",="0",="0",="0",="0",="0",="0",="0",="0",="0",="0",="13",="0",="0",="0",="0",="0",="0",="0",="0",="0",="19",="80",="0",="0",="71",="0",="0",="0",="0",="0",="0",="0",="9",="4",="133",="1",="0",="36",="0",="3",="69",="0",="28",="76",="0",="5",="6",="1",="37",="0",="0",="0",="0",="0",="74",="0",="0",="0",="0",="8"
="alv",="0",="0",="0",="0",="0",="0",="0",="0",="0",="0",="0",="0",="0",="0",="0",="0",="0",="0",="0",="0",="0",="0",="0",="0",="0",="0",="0",="0",="0",="0",="0",="0",="0",="0",="0",="0",="0",="0",="0",="0",="0",="0",="0",="0",="1",="0",="0",="0",="0",="0",="0",="0",="0",="0",="0",="0",="0",="0",="0",="0",="0",="0",="0",="0",="19",="0",="0"
="RSPd1",="0",="0",="0",="0",="0",="0",="0",="0",="0",="0",="0",="0",="0",="0",="0",="0",="0",="0",="0",="4",="0",="0",="9",="0",="0",="0",="0",="52",="9",="0",="0",="2",="1",="3",="9",="27",="1",="2",="0",="0",="12",="0",="25",="0",="0",="4",="31",="11",="20",="0",="3",="4",="0",="0",="0",="0",="54",="0",="0",="0",="2",="0",="0",="0",="0",="0",="0"
="AUDp6a",="0",="0",="0",="0",="0",="0",="0",="0",="0",="0",="0",="0",="0",="0",="0",="0",="0",="0",="0",="0",="0",="0",="0",="0",="0",="0",="0",="0",="0",="0",="0",="0",="0",="0",="0",="0",="0",="0",="0",="0",="0",="0",="0",="0",="0",="0",="0",="0",="0",="0",="0",="0",="0",="0",="0",="0",="0",="0",="0",="0",="0",="0",="0",="0",="0",="0",="0"
="SSp-bfd6b",="0",="0",="0",="0",="0",="0",="0",="0",="0",="0",="0",="0",="0",="0",="0",="0",="0",="0",="0",="0",="0",="0",="0",="0",="0",="0",="0",="0",="0",="0",="0",="0",="0",="0",="0",="0",="0",="0",="0",="0",="0",="0",="0",="0",="0",="0",="0",="0",="0",="0",="0",="0",="0",="0",="0",="0",="0",="0",="0",="0",="0",="0",="0",="0",="0",="0",="0"
="RSPv6b",="0",="0",="0",="0",="0",="0",="0",="0",="0",="0",="0",="0",="0",="0",="0",="0",="0",="0",="0",="0",="0",="0",="0",="0",="0",="0",="0",="0",="0",="0",="0",="0",="0",="0",="0",="0",="0",="0",="0",="0",="0",="0",="0",="0",="0",="0",="0",="0",="0",="0",="0",="0",="0",="0",="0",="0",="0",="0",="0",="0",="0",="0",="0",="0",="0",="0",="0"
="SCzo",="0",="0",="0",="0",="0",="0",="0",="0",="0",="0",="0",="0",="0",="0",="0",="0",="0",="0",="0",="0",="0",="0",="0",="0",="0",="0",="0",="3",="0",="0",="0",="0",="0",="0",="0",="0",="0",="0",="0",="0",="0",="0",="0",="0",="0",="0",="0",="0",="0",="0",="1",="0",="0",="0",="0",="0",="0",="0",="0",="0",="0",="0",="0",="0",="0",="0",="0"
="int",="0",="0",="0",="0",="0",="0",="0",="0",="0",="0",="0",="0",="0",="0",="0",="0",="0",="0",="0",="0",="0",="0",="0",="0",="0",="0",="0",="0",="0",="0",="0",="0",="0",="0",="0",="0",="0",="0",="0",="0",="0",="0",="0",="0",="0",="0",="0",="0",="0",="0",="0",="0",="0",="0",="0",="0",="0",="0",="0",="0",="0",="0",="1",="0",="0",="4",="0"
="SSp-tr6b",="0",="0",="0",="0",="0",="0",="0",="0",="0",="0",="0",="0",="0",="0",="0",="0",="0",="0",="0",="0",="0",="0",="0",="0",="0",="0",="0",="0",="0",="0",="0",="0",="0",="0",="0",="0",="0",="0",="0",="0",="0",="0",="0",="0",="0",="0",="0",="0",="0",="0",="0",="0",="0",="0",="0",="0",="0",="0",="0",="0",="0",="0",="0",="0",="0",="0",="0"
="MOp6a",="0",="0",="0",="0",="0",="0",="0",="0",="0",="0",="0",="0",="0",="0",="0",="0",="0",="0",="0",="0",="0",="0",="0",="0",="0",="0",="0",="0",="0",="0",="0",="0",="0",="0",="0",="0",="0",="0",="0",="0",="0",="0",="0",="0",="0",="0",="0",="0",="0",="0",="0",="0",="0",="0",="0",="0",="0",="0",="0",="0",="0",="0",="0",="0",="0",="0",="0"
="MOs6a",="0",="0",="0",="0",="0",="0",="0",="0",="0",="0",="0",="0",="0",="0",="0",="0",="0",="0",="0",="0",="0",="0",="0",="0",="0",="0",="0",="0",="0",="0",="0",="0",="0",="0",="0",="0",="0",="0",="0",="0",="0",="0",="0",="0",="0",="0",="1",="0",="0",="0",="0",="0",="0",="0",="0",="0",="0",="0",="0",="0",="0",="0",="0",="0",="0",="0",="0"
="ACAd1",="0",="0",="0",="0",="0",="0",="0",="0",="0",="0",="0",="0",="0",="0",="0",="0",="0",="0",="0",="0",="0",="0",="0",="0",="0",="0",="0",="0",="1",="0",="0",="0",="0",="0",="0",="11",="28",="0",="0",="37",="0",="0",="2",="0",="11",="0",="93",="0",="54",="4",="0",="0",="0",="0",="0",="0",="0",="0",="0",="0",="0",="0",="0",="0",="0",="0",="0"
="ACAd2/3",="0",="0",="0",="0",="0",="0",="0",="0",="0",="0",="0",="0",="0",="0",="0",="0",="0",="0",="0",="0",="0",="0",="0",="0",="0",="0",="0",="0",="4",="0",="0",="0",="0",="0",="0",="2",="2",="0",="0",="19",="0",="0",="1",="0",="29",="0",="7",="0",="11",="1",="0",="0",="0",="0",="0",="1",="0",="0",="0",="0",="0",="0",="0",="0",="0",="0",="0"
="ACAd5",="0",="0",="0",="0",="0",="0",="0",="0",="0",="0",="0",="0",="0",="0",="0",="0",="0",="0",="0",="0",="0",="0",="0",="0",="0",="0",="0",="0",="0",="0",="0",="0",="0",="0",="0",="0",="0",="0",="0",="9",="0",="0",="0",="0",="4",="0",="8",="0",="2",="2",="0",="0",="0",="0",="0",="0",="0",="0",="0",="2",="0",="0",="0",="0",="0",="0",="0"
="ACAd6a",="0",="0",="0",="0",="0",="0",="0",="0",="0",="0",="0",="0",="0",="0",="0",="0",="0",="0",="0",="0",="0",="0",="0",="0",="0",="0",="0",="0",="0",="0",="0",="0",="0",="0",="0",="0",="0",="0",="0",="0",="0",="0",="0",="0",="0",="0",="0",="0",="2",="0",="0",="0",="0",="0",="0",="0",="0",="0",="0",="0",="0",="0",="0",="0",="0",="0",="0"
="ACAd6b",="0",="0",="0",="0",="0",="0",="0",="0",="0",="0",="0",="0",="0",="0",="0",="0",="0",="0",="0",="0",="0",="0",="0",="0",="0",="0",="0",="0",="0",="0",="0",="0",="0",="0",="0",="0",="0",="0",="0",="0",="0",="0",="0",="0",="0",="0",="0",="0",="0",="0",="0",="0",="0",="0",="0",="0",="0",="0",="0",="0",="0",="0",="0",="0",="0",="0",="0"
="ACAv1",="0",="0",="0",="0",="0",="0",="0",="0",="0",="0",="0",="0",="0",="0",="0",="0",="0",="0",="0",="0",="0",="0",="0",="0",="0",="0",="0",="0",="0",="0",="0",="0",="0",="0",="0",="2",="9",="0",="0",="0",="0",="0",="0",="0",="0",="0",="24",="0",="5",="1",="0",="0",="0",="0",="0",="1",="0",="0",="0",="6",="0",="0",="0",="0",="0",="0",="0"
="ccg",="0",="0",="0",="0",="0",="0",="0",="0",="0",="0",="0",="0",="0",="0",="0",="0",="0",="0",="0",="0",="0",="0",="0",="0",="0",="0",="0",="0",="0",="0",="0",="0",="0",="0",="0",="0",="0",="0",="0",="0",="0",="1",="0",="0",="0",="0",="0",="0",="0",="0",="0",="0",="0",="0",="0",="0",="0",="0",="0",="0",="0",="0",="0",="0",="0",="0",="0"
="SEZ",="0",="0",="0",="0",="0",="0",="0",="0",="0",="0",="0",="0",="0",="0",="0",="0",="0",="0",="0",="0",="0",="0",="0",="0",="0",="0",="0",="0",="0",="0",="0",="0",="0",="0",="0",="0",="0",="0",="0",="1",="0",="1",="0",="0",="0",="0",="0",="0",="0",="0",="1",="0",="0",="0",="0",="0",="0",="0",="0",="0",="0",="0",="0",="0",="0",="0",="0"
="fi",="0",="0",="0",="0",="0",="0",="0",="0",="0",="0",="0",="0",="0",="0",="0",="0",="0",="0",="0",="0",="0",="0",="0",="0",="0",="0",="0",="0",="0",="0",="0",="0",="0",="0",="0",="0",="0",="0",="0",="0",="0",="0",="0",="0",="0",="0",="0",="0",="0",="0",="0",="0",="0",="0",="0",="1",="0",="0",="0",="0",="0",="0",="0",="0",="0",="0",="0"
="SSp-ll6a",="0",="0",="0",="0",="0",="0",="0",="0",="0",="0",="0",="0",="0",="0",="0",="0",="0",="0",="0",="0",="0",="0",="0",="0",="0",="0",="0",="0",="0",="0",="0",="0",="0",="0",="0",="0",="0",="0",="0",="0",="0",="0",="0",="0",="0",="0",="0",="0",="0",="0",="0",="0",="0",="0",="0",="0",="0",="0",="0",="0",="0",="0",="0",="0",="0",="0",="0"
="SSp-ul6a",="0",="0",="0",="0",="0",="0",="0",="0",="0",="0",="0",="0",="0",="0",="0",="0",="0",="0",="0",="0",="0",="0",="0",="0",="0",="0",="0",="0",="0",="0",="0",="0",="0",="0",="0",="0",="0",="0",="0",="0",="0",="0",="0",="0",="0",="0",="0",="0",="0",="0",="0",="0",="0",="0",="0",="0",="0",="0",="0",="0",="0",="0",="0",="0",="0",="0",="0"
="MOs1",="0",="0",="0",="0",="0",="0",="0",="0",="0",="0",="0",="0",="0",="0",="0",="0",="0",="0",="0",="0",="0",="0",="0",="0",="0",="0",="0",="0",="0",="0",="0",="0",="0",="0",="0",="27",="5",="0",="0",="5",="0",="0",="0",="0",="1",="0",="7",="0",="21",="0",="0",="0",="0",="0",="0",="0",="0",="0",="0",="0",="0",="0",="0",="0",="0",="0",="0"
="MOs2/3",="0",="0",="0",="0",="0",="0",="0",="0",="0",="0",="0",="0",="0",="0",="0",="0",="0",="0",="0",="0",="0",="0",="0",="0",="0",="0",="0",="0",="0",="0",="0",="0",="0",="0",="0",="4",="2",="0",="0",="7",="0",="0",="0",="0",="0",="0",="3",="0",="6",="2",="0",="0",="0",="0",="0",="0",="0",="0",="0",="0",="0",="0",="0",="0",="0",="0",="0"
="MOs5",="0",="0",="0",="0",="0",="0",="0",="0",="0",="0",="0",="0",="0",="0",="0",="0",="0",="0",="0",="0",="0",="0",="0",="0",="0",="0",="0",="0",="0",="0",="0",="0",="0",="0",="0",="1",="0",="0",="0",="0",="0",="0",="0",="0",="0",="0",="1",="0",="0",="0",="0",="0",="0",="0",="0",="0",="0",="0",="0",="0",="0",="0",="0",="0",="0",="0",="0"
="SSs6a",="0",="0",="0",="0",="0",="0",="0",="0",="0",="0",="0",="0",="0",="0",="0",="0",="0",="0",="0",="0",="0",="0",="0",="0",="0",="0",="0",="0",="0",="0",="0",="0",="0",="0",="0",="0",="0",="0",="0",="0",="0",="0",="0",="0",="0",="0",="0",="0",="0",="0",="0",="0",="0",="0",="0",="0",="0",="0",="0",="0",="0",="0",="0",="0",="0",="0",="0"
="AUDp6b",="0",="0",="0",="0",="0",="0",="0",="0",="0",="0",="0",="0",="0",="0",="0",="0",="0",="0",="0",="0",="0",="0",="0",="0",="0",="0",="0",="0",="0",="0",="0",="0",="0",="0",="0",="0",="0",="0",="0",="0",="0",="0",="0",="0",="0",="0",="0",="0",="0",="0",="0",="0",="0",="0",="0",="0",="0",="0",="0",="0",="0",="0",="0",="0",="0",="0",="0"
="SSp-ll6b",="0",="0",="0",="0",="0",="0",="0",="0",="0",="0",="0",="0",="0",="0",="0",="0",="0",="0",="0",="0",="0",="0",="0",="0",="0",="0",="0",="0",="0",="0",="0",="0",="0",="0",="0",="0",="0",="0",="0",="0",="0",="0",="0",="0",="0",="0",="0",="0",="0",="0",="0",="0",="0",="0",="0",="0",="0",="0",="0",="0",="0",="0",="0",="0",="0",="0",="0"
="MOp6b",="0",="0",="0",="0",="0",="0",="0",="0",="0",="0",="0",="0",="0",="0",="0",="0",="0",="0",="0",="0",="0",="0",="0",="0",="0",="0",="0",="0",="0",="0",="0",="0",="0",="0",="0",="0",="0",="0",="0",="0",="0",="0",="0",="0",="0",="0",="0",="0",="0",="0",="0",="0",="0",="0",="0",="0",="0",="0",="0",="0",="0",="0",="0",="0",="0",="0",="0"
="LA",="0",="0",="0",="0",="0",="0",="0",="0",="0",="0",="0",="0",="0",="0",="0",="0",="0",="0",="0",="0",="0",="0",="0",="0",="0",="0",="0",="0",="0",="0",="0",="0",="0",="0",="0",="0",="0",="0",="0",="0",="0",="0",="0",="0",="0",="0",="0",="0",="0",="0",="0",="0",="0",="1",="0",="0",="0",="0",="0",="0",="0",="0",="0",="0",="0",="0",="0"
="amc",="0",="0",="0",="0",="0",="0",="0",="0",="0",="0",="0",="0",="0",="0",="0",="0",="0",="0",="0",="0",="0",="0",="0",="0",="0",="0",="0",="0",="0",="0",="0",="0",="0",="0",="0",="0",="0",="0",="0",="0",="0",="0",="0",="0",="0",="0",="0",="0",="0",="0",="0",="0",="0",="0",="0",="0",="0",="0",="0",="0",="0",="0",="0",="0",="0",="0",="0"
="AIp6a",="0",="0",="0",="0",="0",="0",="0",="0",="0",="0",="0",="0",="0",="0",="0",="0",="0",="0",="0",="0",="0",="0",="0",="0",="0",="0",="0",="0",="0",="0",="0",="0",="0",="0",="0",="0",="0",="0",="0",="0",="0",="0",="0",="0",="0",="0",="0",="0",="0",="0",="0",="0",="0",="0",="1",="0",="0",="0",="0",="0",="0",="0",="0",="0",="0",="0",="0"
="AIp6b",="0",="0",="0",="0",="0",="0",="0",="0",="0",="0",="0",="0",="0",="0",="0",="0",="0",="0",="0",="0",="0",="0",="0",="0",="0",="0",="0",="0",="0",="0",="0",="0",="0",="0",="0",="0",="0",="0",="0",="0",="0",="0",="0",="0",="0",="0",="0",="0",="0",="0",="0",="0",="0",="0",="0",="0",="0",="0",="0",="0",="0",="0",="0",="0",="0",="0",="0"
="EPd",="0",="0",="0",="0",="0",="0",="0",="0",="0",="0",="0",="0",="0",="0",="0",="0",="0",="0",="0",="0",="0",="0",="0",="0",="0",="0",="0",="0",="0",="0",="0",="0",="0",="0",="0",="0",="0",="0",="0",="0",="0",="0",="0",="0",="0",="0",="0",="0",="0",="0",="0",="0",="0",="0",="3",="0",="0",="0",="0",="0",="0",="0",="0",="0",="0",="0",="0"
="LSc",="0",="0",="0",="0",="0",="0",="0",="0",="0",="0",="0",="0",="0",="0",="0",="0",="0",="0",="0",="0",="0",="0",="0",="0",="0",="0",="0",="0",="0",="0",="0",="0",="0",="0",="0",="0",="0",="0",="0",="0",="0",="0",="0",="0",="0",="0",="0",="0",="0",="0",="0",="0",="0",="0",="0",="0",="0",="0",="0",="0",="0",="0",="0",="0",="0",="0",="0"
="LGd-co",="0",="0",="0",="0",="0",="0",="0",="0",="0",="0",="0",="0",="0",="0",="0",="0",="0",="0",="0",="0",="0",="0",="0",="0",="0",="0",="0",="0",="0",="0",="0",="0",="0",="0",="0",="0",="0",="0",="0",="0",="0",="0",="0",="0",="0",="0",="0",="0",="0",="0",="0",="0",="0",="0",="0",="0",="0",="0",="0",="0",="0",="0",="3",="8",="83",="9",="0"
="LP",="0",="0",="0",="0",="0",="0",="0",="0",="0",="0",="0",="0",="0",="0",="0",="0",="0",="0",="0",="0",="0",="0",="0",="0",="0",="0",="0",="0",="0",="0",="0",="0",="0",="0",="0",="0",="0",="0",="0",="0",="0",="0",="0",="0",="0",="0",="0",="0",="0",="0",="0",="0",="0",="0",="0",="0",="0",="0",="0",="0",="0",="17",="34",="28",="326",="34",="2"
="PO",="0",="0",="0",="0",="0",="0",="0",="0",="0",="0",="0",="0",="0",="0",="0",="0",="0",="0",="0",="0",="0",="0",="0",="0",="0",="0",="0",="0",="0",="0",="0",="0",="0",="0",="0",="0",="0",="0",="0",="0",="0",="0",="0",="0",="0",="0",="0",="0",="0",="0",="0",="0",="0",="0",="0",="0",="0",="0",="0",="0",="0",="3",="7",="0",="13",="4",="0"
="LD",="0",="0",="0",="0",="0",="0",="0",="0",="0",="0",="0",="0",="0",="0",="0",="0",="0",="0",="0",="0",="0",="0",="0",="0",="0",="0",="0",="0",="0",="0",="0",="0",="0",="0",="0",="0",="0",="0",="0",="0",="0",="0",="0",="0",="0",="0",="0",="0",="0",="0",="0",="0",="0",="0",="0",="0",="0",="0",="0",="0",="0",="1",="12",="50",="719",="23",="0"
="IGL",="0",="0",="0",="0",="0",="0",="0",="0",="0",="0",="0",="0",="0",="0",="0",="0",="0",="0",="0",="0",="0",="0",="0",="0",="0",="0",="0",="0",="0",="0",="0",="0",="0",="0",="0",="0",="0",="0",="0",="0",="0",="0",="0",="0",="0",="0",="0",="0",="0",="0",="0",="0",="0",="0",="0",="0",="0",="0",="0",="0",="0",="0",="0",="0",="0",="0",="0"
="RT",="0",="0",="0",="0",="0",="0",="0",="0",="0",="0",="0",="0",="0",="0",="0",="0",="0",="0",="0",="0",="0",="0",="0",="0",="0",="0",="0",="0",="0",="0",="0",="0",="0",="0",="0",="0",="0",="0",="0",="0",="0",="0",="0",="0",="0",="0",="0",="0",="0",="0",="0",="0",="0",="0",="0",="0",="0",="0",="0",="0",="0",="1",="0",="0",="0",="14",="0"
="SCop",="0",="0",="0",="0",="0",="0",="0",="0",="0",="0",="0",="0",="0",="0",="0",="0",="0",="0",="0",="0",="0",="0",="0",="0",="0",="0",="0",="0",="0",="0",="0",="0",="0",="0",="0",="0",="0",="0",="0",="0",="0",="0",="0",="0",="0",="0",="0",="0",="0",="0",="0",="0",="0",="0",="0",="0",="0",="0",="0",="0",="0",="18",="15",="0",="0",="0",="0"
="SCdg",="0",="0",="0",="0",="0",="0",="0",="0",="0",="0",="0",="0",="0",="0",="0",="0",="0",="0",="0",="0",="0",="0",="0",="0",="0",="0",="0",="0",="0",="0",="0",="0",="0",="0",="0",="0",="0",="0",="0",="0",="0",="0",="0",="0",="0",="0",="0",="0",="0",="0",="0",="0",="0",="0",="0",="0",="0",="0",="0",="0",="0",="0",="0",="0",="0",="0",="0"
="SCiw",="0",="0",="0",="0",="0",="0",="0",="0",="0",="0",="0",="0",="0",="0",="0",="0",="0",="0",="0",="0",="0",="0",="0",="0",="0",="0",="0",="0",="0",="0",="0",="0",="0",="0",="0",="0",="0",="0",="0",="0",="0",="0",="0",="0",="0",="0",="0",="0",="0",="0",="0",="0",="0",="0",="0",="0",="0",="0",="0",="0",="0",="1",="2",="4",="0",="0",="0"
="LGd-sh",="0",="0",="0",="0",="0",="0",="0",="0",="0",="0",="0",="0",="0",="0",="0",="0",="0",="0",="0",="0",="0",="0",="0",="0",="0",="0",="0",="0",="0",="0",="0",="0",="0",="0",="0",="0",="0",="0",="0",="0",="0",="0",="0",="0",="0",="0",="0",="0",="0",="0",="0",="0",="0",="0",="0",="0",="0",="0",="0",="0",="0",="0",="0",="0",="15",="0",="0"
="LGd-ip",="0",="0",="0",="0",="0",="0",="0",="0",="0",="0",="0",="0",="0",="0",="0",="0",="0",="0",="0",="0",="0",="0",="0",="0",="0",="0",="0",="0",="0",="0",="0",="0",="0",="0",="0",="0",="0",="0",="0",="0",="0",="0",="0",="0",="0",="0",="0",="0",="0",="0",="0",="0",="0",="0",="0",="0",="0",="0",="0",="0",="0",="0",="0",="1",="9",="1",="0"
="POL",="0",="0",="0",="0",="0",="0",="0",="0",="0",="0",="0",="0",="0",="0",="0",="0",="0",="0",="0",="0",="0",="0",="0",="0",="0",="0",="0",="0",="0",="0",="0",="0",="0",="0",="0",="0",="0",="0",="0",="0",="0",="0",="0",="0",="0",="0",="0",="0",="0",="0",="0",="0",="0",="0",="0",="0",="0",="0",="0",="0",="0",="0",="0",="0",="6",="0",="0"
="SubG",="0",="0",="0",="0",="0",="0",="0",="0",="0",="0",="0",="0",="0",="0",="0",="0",="0",="0",="0",="0",="0",="0",="0",="0",="0",="0",="0",="0",="0",="0",="0",="0",="0",="0",="0",="0",="0",="0",="0",="0",="0",="0",="0",="0",="0",="0",="0",="0",="0",="0",="0",="0",="0",="0",="0",="0",="0",="0",="0",="0",="0",="0",="0",="0",="0",="0",="0"
="SCsg",="0",="0",="0",="0",="0",="0",="0",="0",="0",="0",="0",="0",="0",="0",="0",="0",="0",="0",="0",="0",="0",="0",="0",="0",="0",="0",="0",="0",="0",="0",="0",="0",="0",="0",="0",="0",="0",="0",="0",="0",="0",="0",="0",="0",="0",="0",="0",="0",="0",="0",="0",="0",="0",="0",="0",="0",="0",="0",="0",="0",="0",="0",="17",="0",="0",="0",="0"
="APN",="0",="0",="0",="0",="0",="0",="0",="0",="0",="0",="0",="0",="0",="0",="0",="0",="0",="0",="0",="0",="0",="0",="0",="0",="0",="0",="0",="0",="0",="0",="0",="0",="0",="0",="0",="0",="0",="0",="0",="0",="0",="0",="0",="0",="0",="0",="0",="0",="0",="0",="0",="0",="0",="0",="0",="0",="0",="0",="0",="0",="0",="0",="6",="0",="12",="0",="1"
="OP",="0",="0",="0",="0",="0",="0",="0",="0",="0",="0",="0",="0",="0",="0",="0",="0",="0",="0",="0",="0",="0",="0",="0",="0",="0",="0",="0",="0",="0",="0",="0",="0",="0",="0",="0",="0",="0",="0",="0",="0",="0",="0",="0",="0",="0",="0",="0",="0",="0",="0",="0",="0",="0",="0",="0",="0",="0",="0",="0",="0",="0",="0",="2",="3",="0",="0",="0"
="PPT",="0",="0",="0",="0",="0",="0",="0",="0",="0",="0",="0",="0",="0",="0",="0",="0",="0",="0",="0",="0",="0",="0",="0",="0",="0",="0",="0",="0",="0",="0",="0",="0",="0",="0",="0",="0",="0",="0",="0",="0",="0",="0",="0",="0",="0",="0",="0",="0",="0",="0",="0",="0",="0",="0",="0",="0",="0",="0",="0",="0",="0",="0",="6",="0",="0",="0",="0"
="PG",="0",="0",="0",="0",="0",="0",="0",="0",="0",="0",="0",="0",="0",="0",="0",="0",="0",="0",="0",="0",="0",="0",="0",="0",="0",="0",="0",="0",="0",="0",="0",="0",="0",="0",="0",="0",="0",="0",="0",="0",="0",="0",="0",="0",="0",="0",="0",="0",="0",="0",="0",="0",="0",="0",="0",="0",="0",="0",="0",="0",="0",="0",="26",="0",="0",="0",="0"
="cpd",="0",="0",="0",="0",="0",="0",="0",="0",="0",="0",="0",="0",="0",="0",="0",="0",="0",="0",="0",="0",="0",="0",="0",="0",="0",="0",="0",="0",="0",="0",="0",="0",="0",="0",="0",="0",="0",="0",="0",="0",="0",="0",="0",="0",="0",="0",="0",="0",="0",="0",="0",="0",="0",="0",="0",="0",="0",="0",="0",="0",="0",="0",="0",="0",="0",="0",="0"
="DG-mo",="0",="0",="0",="0",="0",="0",="0",="0",="0",="0",="0",="0",="0",="0",="0",="0",="0",="0",="0",="0",="0",="0",="0",="0",="0",="0",="0",="0",="0",="0",="0",="0",="0",="0",="0",="0",="0",="0",="0",="0",="0",="0",="0",="0",="0",="0",="0",="0",="0",="0",="0",="0",="0",="0",="0",="0",="0",="0",="0",="0",="0",="0",="0",="0",="0",="0",="1"
="MPT",="0",="0",="0",="0",="0",="0",="0",="0",="0",="0",="0",="0",="0",="0",="0",="0",="0",="0",="0",="0",="0",="0",="0",="0",="0",="0",="0",="0",="0",="0",="0",="0",="0",="0",="0",="0",="0",="0",="0",="0",="0",="0",="0",="0",="0",="0",="0",="0",="0",="0",="0",="0",="0",="0",="0",="0",="0",="0",="0",="0",="0",="0",="0",="0",="0",="0",="0"
="bsc",="0",="0",="0",="0",="0",="0",="0",="0",="0",="0",="0",="0",="0",="0",="0",="0",="0",="0",="0",="0",="0",="0",="0",="0",="0",="0",="0",="0",="0",="0",="0",="0",="0",="0",="0",="0",="0",="0",="0",="0",="0",="0",="0",="0",="0",="0",="0",="0",="0",="0",="0",="0",="0",="0",="0",="0",="0",="0",="0",="0",="0",="0",="0",="0",="6",="0",="4"
="opt",="0",="0",="0",="0",="0",="0",="0",="0",="0",="0",="0",="0",="0",="0",="0",="0",="0",="0",="0",="0",="0",="0",="0",="0",="0",="0",="0",="0",="0",="0",="0",="0",="0",="0",="0",="0",="0",="0",="0",="0",="0",="0",="0",="0",="0",="0",="0",="0",="0",="0",="0",="0",="0",="0",="0",="0",="0",="0",="0",="0",="0",="0",="0",="0",="0",="0",="0"
="VPM",="0",="0",="0",="0",="0",="0",="0",="0",="0",="0",="0",="0",="0",="0",="0",="0",="0",="0",="0",="0",="0",="0",="0",="0",="0",="0",="0",="0",="0",="0",="0",="0",="0",="0",="0",="0",="0",="0",="0",="0",="0",="0",="0",="0",="0",="0",="0",="0",="0",="0",="0",="0",="0",="0",="0",="0",="0",="0",="0",="0",="0",="0",="0",="0",="0",="0",="0"
="AD",="0",="0",="0",="0",="0",="0",="0",="0",="0",="0",="0",="0",="0",="0",="0",="0",="0",="0",="0",="0",="0",="0",="0",="0",="0",="0",="0",="0",="0",="0",="0",="0",="0",="0",="0",="0",="0",="0",="0",="0",="0",="0",="0",="0",="0",="0",="0",="0",="0",="0",="0",="0",="0",="0",="0",="0",="0",="0",="0",="0",="0",="0",="0",="0",="6",="0",="0"
="CL",="0",="0",="0",="0",="0",="0",="0",="0",="0",="0",="0",="0",="0",="0",="0",="0",="0",="0",="0",="0",="0",="0",="0",="0",="0",="0",="0",="0",="0",="0",="0",="0",="0",="0",="0",="0",="0",="0",="0",="0",="0",="0",="0",="0",="0",="0",="0",="0",="0",="0",="0",="0",="0",="0",="0",="0",="0",="0",="0",="0",="0",="0",="0",="0",="24",="0",="0"
="PF",="0",="0",="0",="0",="0",="0",="0",="0",="0",="0",="0",="0",="0",="0",="0",="0",="0",="0",="0",="0",="0",="0",="0",="0",="0",="0",="0",="0",="0",="0",="0",="0",="0",="0",="0",="0",="0",="0",="0",="0",="0",="0",="0",="0",="0",="0",="0",="0",="0",="0",="0",="0",="0",="0",="0",="0",="0",="0",="0",="0",="0",="0",="0",="0",="0",="0",="0"
="sm",="0",="0",="0",="0",="0",="0",="0",="0",="0",="0",="0",="0",="0",="0",="0",="0",="0",="0",="0",="0",="0",="0",="0",="0",="0",="0",="0",="0",="0",="0",="0",="0",="0",="0",="0",="0",="0",="0",="0",="0",="0",="0",="0",="0",="0",="0",="0",="0",="0",="0",="0",="0",="0",="0",="0",="0",="0",="0",="0",="0",="0",="0",="0",="0",="5",="0",="0"
="VPL",="0",="0",="0",="0",="0",="0",="0",="0",="0",="0",="0",="0",="0",="0",="0",="0",="0",="0",="0",="0",="0",="0",="0",="0",="0",="0",="0",="0",="0",="0",="0",="0",="0",="0",="0",="0",="0",="0",="0",="0",="0",="0",="0",="0",="0",="0",="0",="0",="0",="0",="0",="0",="0",="0",="0",="0",="0",="0",="0",="0",="0",="0",="0",="0",="0",="13",="0"
="VAL",="0",="0",="0",="0",="0",="0",="0",="0",="0",="0",="0",="0",="0",="0",="0",="0",="0",="0",="0",="0",="0",="0",="0",="0",="0",="0",="0",="0",="0",="0",="0",="0",="0",="0",="0",="0",="0",="0",="0",="0",="0",="0",="0",="0",="0",="0",="0",="0",="0",="0",="0",="0",="0",="0",="0",="0",="0",="0",="0",="0",="0",="0",="0",="0",="0",="3",="0"
="Eth",="0",="0",="0",="0",="0",="0",="0",="0",="0",="0",="0",="0",="0",="0",="0",="0",="0",="0",="0",="0",="0",="0",="0",="0",="0",="0",="0",="0",="0",="0",="0",="0",="0",="0",="0",="0",="0",="0",="0",="0",="0",="0",="0",="0",="0",="0",="0",="0",="0",="0",="0",="0",="0",="0",="0",="0",="0",="0",="0",="0",="0",="0",="0",="0",="0",="2",="0"
="em",="0",="0",="0",="0",="0",="0",="0",="0",="0",="0",="0",="0",="0",="0",="0",="0",="0",="0",="0",="0",="0",="0",="0",="0",="0",="0",="0",="0",="0",="0",="0",="0",="0",="0",="0",="0",="0",="0",="0",="0",="0",="0",="0",="0",="0",="0",="0",="0",="0",="0",="0",="0",="0",="0",="0",="0",="0",="0",="0",="0",="0",="0",="0",="0",="0",="3",="0"
="AUDv1",="0",="0",="0",="0",="0",="0",="0",="0",="0",="0",="0",="0",="0",="0",="0",="0",="0",="0",="0",="0",="0",="0",="0",="0",="0",="0",="0",="0",="0",="0",="0",="0",="0",="0",="0",="0",="0",="0",="0",="0",="0",="0",="0",="0",="0",="0",="0",="0",="0",="0",="0",="0",="0",="0",="0",="0",="0",="0",="0",="0",="0",="0",="0",="0",="0",="0",="0"