 ,221481_262,230066_080,233668_051,233668_052,233668_054,233668_055,233668_066,233668_067,233668_068,233668_069,233668_078,233668_081,233668_094,233668_202,233668_239,233668_241,233668_256,233795_127,221481_259,221065_104,233667_244,233668_270,221713_007,221516_016,233667_240,233667_243,233667_247,233667_249,233667_253,233667_254,233667_258,221065_103,233667_236,233667_241
="VISl1",="9",="0",="0",="0",="0",="0",="0",="0",="0",="0",="15",="2",="0",="4",="0",="0",="0",="5",="3",="2",="0",="0",="0",="0",="0",="0",="0",="0",="0",="0",="0",="0",="0",="0"
="VISl2/3",="14",="0",="0",="0",="0",="0",="0",="0",="0",="0",="2",="0",="0",="5",="0",="0",="0",="9",="4",="6",="0",="0",="0",="0",="0",="0",="0",="0",="0",="4",="0",="0",="0",="0"
="VISl4",="7",="0",="0",="0",="0",="0",="0",="0",="0",="0",="1",="1",="0",="0",="0",="0",="0",="2",="1",="4",="0",="0",="0",="0",="0",="0",="0",="0",="0",="0",="0",="1",="0",="0"
="VISl5",="0",="0",="0",="0",="0",="0",="0",="0",="0",="0",="0",="0",="0",="7",="0",="0",="0",="5",="2",="11",="0",="0",="1",="0",="0",="3",="0",="0",="0",="3",="0",="0",="0",="0"
="VISl6a",="0",="0",="0",="0",="0",="0",="0",="0",="0",="0",="0",="0",="0",="0",="0",="0",="0",="0",="0",="7",="0",="0",="1",="0",="0",="2",="0",="0",="0",="0",="0",="0",="1",="0"
="VISp1",="3",="5",="1",="13",="0",="0",="0",="1",="0",="0",="1",="1",="2",="3",="0",="0",="1",="45",="150",="7",="1",="0",="16",="29",="1",="0",="1",="1",="0",="4",="1",="0",="1",="2"
="VISp2/3",="2",="4",="0",="0",="0",="0",="0",="0",="0",="0",="0",="1",="0",="2",="0",="0",="0",="5",="4",="2",="0",="0",="26",="1",="3",="0",="0",="0",="0",="0",="0",="0",="0",="0"
="VISp4",="0",="0",="0",="0",="0",="0",="0",="0",="0",="0",="0",="0",="0",="1",="0",="0",="0",="4",="5",="1",="0",="0",="14",="0",="0",="1",="0",="0",="1",="4",="1",="2",="0",="1"
="VISp6a",="2",="0",="0",="0",="0",="0",="0",="0",="0",="0",="0",="0",="0",="0",="0",="0",="0",="0",="2",="13",="0",="0",="7",="1",="0",="7",="0",="0",="7",="3",="4",="0",="1",="2"
="VISp6b",="0",="0",="0",="0",="0",="0",="0",="0",="0",="0",="0",="0",="0",="0",="0",="0",="0",="0",="0",="1",="0",="0",="6",="0",="0",="0",="0",="0",="0",="0",="1",="0",="0",="0"
="VISpl1",="16",="83",="1",="4",="0",="2",="0",="0",="1",="0",="1",="0",="0",="2",="1",="3",="2",="11",="12",="3",="0",="0",="6",="5",="6",="1",="1",="4",="5",="1",="2",="0",="0",="13"
="VISpl2/3",="42",="261",="23",="15",="16",="20",="5",="5",="12",="11",="12",="15",="21",="8",="10",="18",="7",="16",="6",="13",="0",="5",="18",="11",="1",="0",="1",="0",="0",="0",="0",="16",="0",="2"
="VISpl4",="11",="23",="0",="0",="0",="0",="0",="0",="1",="0",="5",="1",="0",="0",="0",="0",="0",="3",="5",="4",="0",="0",="3",="0",="0",="1",="0",="0",="0",="0",="0",="9",="0",="0"
="VISpl5",="8",="24",="8",="2",="6",="9",="1",="3",="4",="13",="16",="14",="19",="7",="5",="9",="2",="6",="11",="21",="1",="6",="9",="43",="22",="5",="10",="13",="6",="6",="6",="21",="2",="20"
="VISpl6a",="0",="0",="0",="0",="0",="0",="0",="3",="3",="1",="0",="4",="0",="1",="0",="1",="0",="0",="0",="12",="2",="0",="10",="4",="5",="12",="4",="6",="8",="9",="10",="9",="8",="7"
="VISpl6b",="0",="0",="0",="0",="0",="0",="0",="0",="0",="0",="0",="0",="0",="0",="0",="0",="0",="0",="0",="1",="0",="0",="0",="0",="1",="0",="0",="0",="0",="0",="0",="1",="0",="0"
="VISpm2/3",="1",="0",="0",="0",="0",="0",="0",="0",="0",="0",="0",="0",="0",="0",="0",="0",="0",="19",="0",="0",="0",="0",="1",="0",="0",="0",="0",="0",="0",="0",="0",="0",="0",="0"
="VISpm6a",="0",="0",="0",="0",="0",="0",="0",="0",="0",="0",="0",="0",="0",="0",="0",="0",="0",="0",="0",="0",="0",="0",="1",="0",="0",="0",="0",="0",="0",="0",="0",="0",="0",="0"
="VISli1",="1",="0",="0",="0",="0",="0",="0",="0",="0",="0",="0",="1",="0",="0",="0",="0",="0",="2",="2",="0",="3",="0",="0",="0",="0",="0",="0",="0",="0",="2",="2",="0",="0",="0"
="VISli2/3",="2",="0",="0",="0",="0",="0",="0",="0",="0",="0",="1",="0",="1",="0",="0",="0",="0",="1",="1",="0",="0",="0",="0",="0",="0",="1",="0",="0",="0",="7",="0",="0",="0",="0"
="VISli4",="1",="0",="0",="0",="0",="0",="0",="0",="0",="0",="0",="0",="0",="0",="0",="0",="0",="0",="0",="0",="0",="0",="0",="0",="0",="0",="0",="0",="0",="1",="0",="0",="0",="0"
="VISli5",="2",="0",="0",="0",="0",="1",="0",="0",="0",="0",="0",="0",="0",="0",="0",="0",="0",="0",="0",="4",="1",="0",="1",="0",="0",="3",="0",="0",="0",="3",="0",="0",="0",="0"
="VISpor1",="0",="0",="0",="2",="0",="0",="0",="0",="1",="0",="0",="0",="0",="2",="0",="0",="0",="3",="6",="11",="0",="0",="0",="0",="1",="1",="0",="1",="0",="0",="14",="3",="0",="5"
="VISpor2/3",="7",="2",="3",="9",="0",="2",="0",="0",="5",="0",="0",="7",="5",="10",="0",="0",="7",="3",="0",="23",="0",="0",="1",="0",="0",="0",="0",="0",="0",="1",="0",="1",="0",="0"
="VISpor4",="3",="0",="0",="0",="0",="0",="0",="0",="0",="0",="0",="0",="0",="0",="0",="0",="0",="0",="0",="5",="0",="0",="0",="0",="0",="0",="0",="0",="0",="1",="0",="0",="0",="0"
="VISpor5",="0",="2",="2",="2",="0",="0",="2",="0",="0",="0",="5",="0",="4",="4",="0",="0",="1",="14",="1",="25",="0",="0",="8",="2",="3",="4",="3",="0",="1",="0",="0",="9",="0",="2"
="VISpor6b",="0",="0",="0",="0",="0",="0",="0",="0",="0",="0",="0",="0",="0",="0",="0",="0",="0",="2",="0",="0",="0",="0",="0",="0",="0",="0",="0",="0",="0",="1",="0",="0",="0",="2"
="RSPagl1",="1",="0",="2",="0",="0",="0",="2",="0",="0",="0",="0",="0",="0",="5",="2",="0",="0",="4",="2",="2",="0",="0",="12",="0",="5",="0",="0",="0",="0",="0",="2",="0",="1",="0"
="RSPagl2/3",="4",="0",="1",="3",="0",="0",="0",="0",="0",="0",="0",="0",="0",="1",="3",="0",="0",="4",="0",="2",="0",="0",="11",="1",="0",="0",="0",="0",="0",="0",="0",="0",="0",="2"
="RSPagl5",="3",="0",="0",="4",="0",="0",="0",="0",="0",="0",="0",="0",="0",="0",="3",="1",="0",="1",="0",="2",="0",="0",="9",="0",="2",="1",="1",="0",="0",="0",="3",="0",="1",="2"
="RSPagl6a",="0",="0",="0",="1",="0",="0",="0",="0",="0",="0",="0",="0",="0",="0",="0",="0",="0",="0",="0",="2",="0",="0",="1",="0",="0",="0",="0",="0",="0",="0",="0",="0",="0",="0"
="CP",="15",="0",="0",="0",="0",="0",="0",="6",="0",="27",="0",="0",="22",="6",="0",="0",="0",="0",="48",="9",="0",="0",="0",="0",="0",="4",="1",="0",="11",="8",="6",="0",="0",="0"
="dhc",="0",="0",="0",="1",="1",="1",="0",="0",="0",="0",="0",="0",="0",="0",="0",="0",="0",="0",="0",="0",="0",="1",="0",="0",="0",="0",="0",="0",="0",="0",="0",="0",="0",="0"
="ec",="0",="0",="0",="0",="0",="0",="0",="0",="0",="2",="0",="0",="0",="0",="0",="0",="0",="0",="0",="0",="1",="0",="1",="0",="3",="0",="0",="0",="0",="0",="2",="1",="0",="0"
="alv",="0",="0",="0",="0",="0",="0",="0",="0",="0",="0",="0",="0",="0",="0",="0",="0",="0",="0",="0",="0",="0",="0",="0",="0",="0",="0",="0",="1",="0",="0",="0",="3",="0",="0"
="fp",="1",="0",="0",="1",="0",="1",="0",="0",="0",="0",="0",="0",="0",="0",="0",="0",="1",="0",="0",="0",="0",="1",="0",="0",="0",="0",="0",="0",="0",="0",="0",="0",="0",="0"
="ccs",="0",="0",="0",="0",="0",="0",="0",="0",="0",="0",="0",="0",="0",="0",="0",="0",="0",="0",="0",="2",="0",="0",="0",="0",="0",="0",="0",="0",="0",="0",="0",="0",="0",="0"
="or",="0",="0",="0",="0",="0",="0",="0",="0",="0",="1",="0",="0",="0",="2",="1",="0",="0",="1",="1",="2",="1",="0",="2",="1",="0",="1",="0",="0",="1",="1",="0",="1",="0",="2"
="ar",="0",="0",="0",="0",="0",="0",="0",="0",="0",="0",="0",="0",="0",="0",="0",="0",="0",="0",="1",="0",="0",="0",="0",="0",="0",="0",="0",="0",="0",="0",="0",="0",="0",="0"
="cing",="0",="0",="0",="0",="0",="0",="1",="0",="0",="0",="0",="0",="0",="0",="0",="0",="0",="0",="0",="0",="0",="1",="0",="0",="0",="0",="0",="0",="0",="0",="0",="0",="0",="0"
="chpl",="0",="0",="0",="0",="0",="0",="0",="0",="0",="0",="0",="0",="0",="0",="0",="0",="0",="0",="0",="0",="0",="0",="0",="0",="0",="0",="0",="0",="0",="0",="0",="0",="0",="0"
="scwm",="0",="0",="0",="0",="0",="0",="0",="0",="0",="0",="0",="0",="0",="0",="0",="0",="0",="0",="1",="0",="0",="0",="0",="0",="0",="0",="0",="0",="0",="0",="0",="0",="0",="0"
="ENTl5",="0",="0",="0",="0",="0",="0",="0",="1",="3",="0",="8",="14",="5",="11",="0",="1",="9",="0",="0",="3",="0",="0",="1",="0",="0",="0",="0",="0",="0",="0",="0",="0",="0",="0"
="ENTl6a",="0",="0",="0",="0",="0",="0",="0",="0",="0",="0",="1",="0",="1",="0",="0",="0",="0",="0",="0",="8",="0",="0",="2",="0",="0",="0",="0",="0",="0",="0",="0",="0",="0",="0"
="ENTm2",="0",="0",="10",="0",="8",="0",="0",="2",="5",="0",="2",="5",="3",="0",="0",="6",="0",="0",="0",="0",="0",="9",="0",="0",="0",="0",="0",="0",="0",="0",="0",="0",="0",="0"
="ENTm3",="0",="0",="0",="0",="5",="0",="0",="4",="4",="1",="1",="0",="1",="3",="0",="3",="0",="0",="0",="0",="0",="2",="1",="0",="0",="5",="0",="0",="1",="1",="0",="0",="0",="0"
="ENTm5",="0",="0",="0",="1",="3",="0",="0",="0",="0",="0",="0",="1",="1",="2",="1",="0",="0",="0",="0",="4",="0",="0",="0",="0",="1",="10",="0",="0",="0",="0",="0",="0",="0",="1"
="ENTm6",="0",="0",="0",="0",="0",="1",="0",="0",="0",="0",="0",="0",="1",="0",="0",="0",="0",="0",="0",="11",="0",="0",="0",="0",="0",="1",="0",="0",="1",="0",="0",="0",="0",="0"
="VISpor6a",="0",="0",="0",="0",="0",="0",="0",="0",="0",="0",="2",="0",="0",="0",="0",="0",="0",="0",="0",="11",="0",="0",="3",="0",="0",="4",="0",="0",="2",="0",="0",="0",="0",="8"
="RSPd2/3",="0",="0",="1",="2",="0",="1",="3",="0",="0",="0",="0",="0",="0",="0",="25",="0",="0",="0",="0",="0",="0",="0",="31",="0",="0",="0",="0",="0",="0",="0",="0",="0",="1",="0"
="RSPd6a",="0",="0",="0",="0",="0",="0",="0",="0",="0",="0",="0",="0",="0",="0",="0",="0",="0",="0",="0",="0",="0",="0",="9",="0",="1",="0",="0",="0",="0",="0",="0",="0",="0",="0"
="APr",="0",="0",="0",="0",="2",="0",="0",="0",="0",="2",="0",="0",="0",="0",="0",="1",="0",="0",="3",="0",="0",="0",="12",="10",="2",="6",="0",="0",="0",="1",="0",="0",="0",="1"
="LSc",="0",="0",="0",="0",="0",="0",="0",="0",="0",="0",="0",="0",="0",="0",="0",="0",="0",="0",="0",="0",="0",="0",="0",="0",="0",="0",="0",="0",="0",="0",="0",="0",="0",="0"
="LSr",="0",="0",="5",="0",="0",="0",="0",="0",="0",="0",="0",="0",="0",="0",="1",="0",="0",="0",="0",="0",="0",="0",="0",="0",="0",="0",="0",="0",="0",="0",="0",="0",="0",="0"
="SF",="0",="0",="0",="0",="0",="0",="0",="0",="0",="0",="0",="0",="0",="0",="0",="0",="0",="0",="0",="0",="0",="0",="0",="0",="0",="0",="0",="0",="0",="0",="0",="0",="0",="0"
="SH",="0",="0",="0",="0",="0",="0",="0",="0",="0",="0",="0",="0",="0",="0",="0",="0",="0",="0",="0",="0",="0",="0",="0",="0",="0",="0",="0",="0",="0",="0",="0",="0",="0",="0"
="df",="0",="0",="0",="0",="0",="0",="0",="0",="0",="0",="0",="0",="0",="0",="0",="0",="0",="0",="0",="0",="0",="0",="0",="0",="0",="0",="0",="0",="0",="0",="0",="0",="0",="0"
="VISp5",="0",="0",="0",="8",="1",="0",="0",="0",="0",="1",="1",="1",="0",="2",="0",="0",="0",="2",="3",="18",="0",="0",="9",="5",="6",="9",="2",="0",="2",="3",="13",="1",="6",="6"
="RSPd1",="0",="0",="0",="2",="0",="0",="13",="0",="0",="0",="0",="0",="0",="0",="7",="0",="0",="0",="2",="0",="0",="0",="25",="0",="1",="0",="0",="0",="0",="0",="1",="0",="2",="0"
="RSPd5",="0",="0",="0",="1",="2",="1",="7",="0",="0",="0",="0",="0",="0",="0",="8",="0",="0",="0",="0",="4",="0",="0",="25",="4",="2",="0",="0",="0",="0",="0",="0",="0",="1",="0"
="ENTl2",="0",="0",="0",="0",="2",="0",="2",="4",="1",="0",="14",="8",="3",="11",="0",="24",="9",="0",="0",="0",="0",="0",="0",="0",="0",="0",="0",="0",="0",="0",="0",="0",="0",="0"
="ENTl3",="0",="0",="0",="0",="1",="0",="1",="6",="6",="0",="15",="13",="15",="5",="0",="27",="5",="0",="0",="0",="0",="0",="0",="0",="0",="0",="0",="0",="0",="0",="0",="0",="0",="0"
="ENTm1",="0",="0",="0",="0",="0",="0",="0",="0",="0",="0",="1",="0",="0",="0",="0",="0",="0",="0",="0",="0",="0",="0",="0",="0",="0",="0",="0",="0",="0",="0",="0",="0",="0",="0"
="RSPv6a",="0",="0",="0",="0",="0",="0",="0",="0",="0",="0",="0",="0",="0",="0",="0",="0",="0",="0",="0",="0",="0",="0",="2",="0",="0",="0",="0",="0",="0",="0",="0",="0",="0",="0"
="TEa1",="0",="0",="0",="0",="0",="1",="0",="0",="0",="0",="0",="0",="0",="0",="0",="0",="0",="0",="0",="0",="14",="0",="0",="0",="6",="4",="0",="0",="0",="0",="0",="0",="0",="5"
="TEa2/3",="0",="0",="0",="0",="0",="1",="0",="0",="0",="0",="0",="0",="0",="0",="0",="0",="0",="0",="0",="1",="2",="0",="0",="0",="0",="2",="0",="0",="0",="0",="0",="0",="0",="3"
="TEa4",="0",="0",="0",="0",="0",="0",="0",="0",="0",="0",="0",="0",="0",="0",="0",="0",="0",="0",="0",="0",="0",="0",="0",="0",="0",="0",="0",="0",="0",="0",="0",="0",="0",="0"
="TEa5",="0",="0",="0",="0",="0",="0",="0",="0",="0",="0",="1",="0",="0",="0",="0",="0",="0",="0",="0",="2",="13",="0",="0",="0",="3",="1",="0",="0",="0",="0",="0",="0",="0",="10"
="TEa6a",="0",="0",="0",="0",="0",="0",="0",="0",="0",="0",="0",="0",="0",="0",="0",="0",="0",="0",="0",="6",="1",="0",="0",="0",="2",="1",="0",="0",="1",="1",="0",="0",="0",="1"
="PERI2/3",="0",="0",="0",="0",="0",="0",="2",="0",="0",="0",="4",="2",="0",="2",="0",="0",="11",="0",="0",="0",="0",="0",="0",="0",="0",="0",="0",="1",="0",="0",="0",="0",="0",="0"
="ECT1",="0",="0",="0",="0",="0",="0",="2",="0",="0",="0",="0",="0",="0",="0",="0",="0",="3",="0",="0",="0",="0",="0",="0",="0",="0",="0",="0",="0",="0",="0",="0",="0",="0",="0"
="ECT2/3",="0",="0",="0",="0",="0",="1",="3",="0",="0",="0",="0",="5",="0",="1",="0",="0",="5",="0",="0",="0",="0",="0",="0",="0",="0",="0",="0",="0",="0",="0",="0",="0",="0",="0"
="AIp2/3",="0",="0",="0",="0",="0",="0",="3",="0",="0",="0",="0",="0",="0",="0",="0",="0",="0",="0",="0",="0",="0",="0",="0",="0",="0",="0",="0",="0",="0",="0",="0",="0",="0",="0"
="AIp5",="0",="0",="0",="0",="0",="0",="0",="0",="0",="0",="0",="0",="0",="0",="0",="0",="0",="0",="0",="0",="0",="0",="0",="0",="0",="0",="0",="0",="0",="0",="0",="0",="0",="0"
="AIp6a",="0",="0",="0",="0",="0",="0",="0",="0",="0",="0",="0",="0",="0",="0",="0",="0",="0",="0",="0",="0",="0",="0",="0",="0",="0",="0",="0",="0",="0",="0",="0",="0",="0",="0"
="AIp6b",="0",="0",="0",="0",="0",="0",="0",="0",="0",="0",="0",="0",="0",="0",="0",="0",="0",="0",="0",="0",="0",="0",="0",="0",="0",="0",="0",="0",="0",="0",="0",="0",="0",="0"
="AIv2/3",="0",="0",="0",="0",="0",="0",="7",="0",="0",="0",="0",="0",="0",="0",="0",="0",="0",="0",="0",="0",="0",="0",="0",="0",="0",="0",="0",="0",="0",="0",="0",="0",="0",="0"
="AIv5",="0",="0",="0",="0",="0",="0",="0",="0",="0",="0",="0",="0",="0",="0",="0",="0",="0",="0",="0",="0",="0",="0",="0",="0",="0",="0",="0",="0",="0",="0",="0",="0",="0",="0"
="RSPv1",="0",="0",="0",="0",="0",="0",="0",="0",="0",="0",="0",="0",="0",="0",="0",="0",="0",="0",="0",="0",="0",="0",="5",="0",="0",="0",="0",="0",="0",="0",="0",="0",="0",="0"
="RSPv2/3",="0",="0",="0",="0",="0",="0",="0",="0",="0",="0",="0",="0",="0",="0",="0",="0",="0",="0",="0",="0",="0",="0",="8",="0",="0",="0",="0",="0",="0",="0",="0",="0",="0",="0"
="RSPv5",="0",="0",="0",="0",="0",="0",="0",="0",="0",="0",="0",="0",="0",="0",="0",="0",="0",="0",="0",="0",="0",="0",="5",="0",="0",="0",="0",="0",="0",="0",="0",="0",="0",="0"
="RSPv6b",="0",="0",="0",="0",="0",="0",="0",="0",="0",="0",="0",="0",="0",="0",="0",="0",="0",="0",="0",="0",="0",="0",="0",="0",="0",="0",="0",="0",="0",="0",="0",="0",="0",="0"
="TEa6b",="0",="0",="0",="0",="0",="0",="0",="0",="0",="0",="0",="0",="0",="0",="0",="0",="0",="0",="0",="0",="0",="0",="0",="0",="0",="0",="0",="0",="0",="0",="0",="0",="0",="0"
="PERI1",="0",="0",="0",="0",="0",="0",="2",="0",="0",="0",="0",="0",="0",="0",="0",="0",="4",="0",="0",="0",="0",="0",="0",="0",="0",="0",="0",="0",="0",="0",="0",="0",="0",="0"
="PERI6a",="0",="0",="0",="0",="0",="0",="0",="1",="0",="0",="0",="0",="0",="0",="0",="0",="0",="0",="0",="0",="0",="0",="0",="0",="0",="0",="0",="0",="0",="0",="0",="0",="0",="0"
="PERI6b",="0",="0",="0",="0",="0",="0",="0",="0",="0",="0",="0",="0",="0",="0",="0",="0",="0",="0",="0",="0",="0",="0",="0",="0",="0",="0",="0",="0",="0",="0",="0",="0",="0",="0"
="ECT5",="0",="0",="0",="0",="0",="0",="0",="0",="0",="1",="0",="3",="0",="0",="0",="0",="2",="0",="0",="0",="0",="0",="0",="0",="0",="0",="0",="1",="2",="0",="0",="0",="0",="0"
="ECT6a",="0",="0",="0",="0",="0",="0",="0",="0",="0",="0",="0",="1",="0",="0",="0",="0",="0",="0",="0",="0",="0",="0",="0",="0",="0",="0",="0",="0",="1",="0",="0",="0",="0",="0"
="ECT6b",="0",="0",="0",="0",="0",="0",="0",="0",="0",="0",="0",="0",="0",="0",="0",="0",="0",="0",="0",="0",="0",="0",="0",="0",="0",="0",="0",="0",="0",="0",="0",="0",="0",="0"
="EPd",="0",="0",="0",="0",="0",="0",="1",="0",="0",="0",="0",="1",="0",="0",="0",="0",="0",="0",="0",="0",="0",="0",="0",="0",="0",="0",="0",="0",="0",="0",="0",="0",="0",="0"
="CLA",="0",="0",="0",="0",="0",="0",="0",="0",="0",="0",="0",="0",="0",="0",="0",="0",="0",="0",="0",="0",="0",="0",="0",="0",="0",="0",="0",="0",="0",="0",="0",="0",="0",="0"
="amc",="0",="0",="0",="0",="0",="0",="0",="0",="0",="0",="2",="0",="0",="0",="0",="0",="0",="0",="0",="0",="0",="0",="0",="0",="0",="0",="0",="0",="0",="0",="0",="0",="0",="0"
="ACAv1",="0",="0",="0",="0",="0",="0",="0",="0",="0",="0",="0",="0",="0",="0",="0",="0",="0",="0",="0",="0",="0",="0",="0",="0",="0",="0",="0",="0",="0",="0",="0",="0",="0",="0"
="ACAv2/3",="0",="0",="0",="0",="0",="0",="0",="3",="0",="0",="0",="0",="0",="0",="0",="0",="0",="0",="0",="0",="0",="0",="0",="0",="0",="0",="0",="0",="0",="0",="0",="0",="0",="0"
="ACAv5",="0",="0",="0",="0",="0",="0",="0",="1",="0",="0",="0",="0",="0",="0",="0",="0",="0",="0",="0",="0",="0",="0",="0",="0",="0",="0",="0",="0",="0",="0",="0",="0",="0",="0"
="ACAv6a",="0",="0",="0",="0",="0",="0",="0",="0",="0",="0",="0",="0",="0",="0",="0",="0",="0",="0",="0",="0",="0",="0",="0",="0",="0",="0",="0",="0",="0",="0",="0",="0",="0",="0"
="ACAv6b",="0",="0",="0",="0",="0",="0",="0",="0",="0",="0",="0",="0",="0",="0",="0",="0",="0",="0",="0",="0",="0",="0",="0",="0",="0",="0",="0",="0",="0",="0",="0",="0",="0",="0"
="PL2/3",="0",="0",="0",="0",="0",="0",="0",="4",="0",="0",="0",="0",="0",="0",="0",="0",="0",="0",="0",="0",="0",="0",="0",="0",="0",="0",="0",="0",="0",="0",="0",="0",="0",="0"
="PL5",="0",="0",="0",="0",="0",="0",="0",="1",="0",="0",="0",="0",="0",="0",="0",="0",="0",="0",="0",="0",="0",="0",="0",="0",="0",="0",="0",="0",="0",="0",="0",="0",="0",="0"
="ccg",="0",="0",="0",="0",="0",="0",="0",="0",="0",="0",="0",="0",="0",="0",="0",="0",="0",="0",="0",="0",="0",="0",="0",="0",="0",="0",="0",="0",="0",="0",="0",="0",="0",="0"
="ccb",="0",="0",="0",="0",="0",="0",="0",="0",="0",="1",="0",="0",="0",="0",="0",="0",="0",="0",="0",="0",="0",="0",="0",="0",="0",="0",="0",="0",="0",="0",="0",="0",="0",="0"
="SEZ",="0",="0",="0",="0",="0",="0",="0",="0",="0",="0",="0",="0",="0",="0",="0",="0",="0",="0",="1",="0",="0",="0",="0",="0",="0",="0",="0",="0",="0",="0",="0",="0",="0",="0"
="PERI5",="0",="0",="0",="0",="0",="0",="0",="0",="0",="0",="0",="1",="0",="2",="0",="0",="0",="0",="0",="0",="0",="0",="0",="0",="0",="0",="0",="1",="0",="0",="0",="0",="0",="0"
="BLAa",="0",="0",="0",="0",="0",="0",="0",="0",="0",="7",="10",="0",="0",="0",="0",="0",="5",="0",="0",="0",="0",="0",="0",="0",="0",="0",="0",="0",="0",="0",="0",="0",="0",="0"
="BLAp",="0",="0",="0",="0",="0",="0",="0",="0",="0",="1",="0",="1",="1",="0",="0",="0",="14",="0",="0",="0",="0",="0",="0",="0",="0",="0",="0",="0",="0",="0",="0",="0",="0",="0"
="BMAp",="0",="0",="0",="0",="0",="0",="0",="0",="0",="3",="0",="0",="0",="0",="0",="0",="2",="0",="0",="0",="0",="0",="0",="0",="0",="0",="0",="0",="0",="0",="0",="0",="0",="0"
="ACB",="0",="0",="0",="0",="0",="0",="0",="0",="0",="5",="0",="0",="0",="0",="10",="0",="0",="0",="0",="0",="0",="0",="0",="0",="0",="0",="0",="0",="0",="0",="0",="0",="0",="0"
="LA",="0",="0",="0",="0",="0",="0",="0",="0",="0",="0",="0",="0",="0",="0",="0",="0",="2",="0",="0",="0",="0",="0",="0",="0",="0",="0",="0",="0",="0",="0",="0",="0",="0",="0"
="aco",="0",="0",="0",="0",="0",="0",="0",="0",="0",="1",="0",="0",="0",="0",="0",="0",="0",="0",="0",="0",="0",="0",="0",="0",="0",="0",="0",="0",="0",="0",="0",="0",="0",="0"
="SSp-bfd1",="0",="0",="0",="0",="0",="0",="0",="0",="0",="0",="3",="0",="0",="0",="0",="0",="0",="0",="0",="0",="0",="0",="0",="0",="0",="0",="0",="0",="0",="0",="0",="0",="0",="0"
="SSp-bfd2/3",="0",="0",="0",="0",="0",="0",="0",="0",="0",="0",="0",="0",="0",="0",="0",="0",="0",="0",="0",="0",="0",="0",="0",="0",="0",="0",="0",="0",="0",="0",="0",="0",="0",="0"
="SSp-bfd4",="0",="0",="0",="0",="0",="0",="0",="0",="0",="0",="0",="0",="0",="0",="0",="0",="0",="0",="0",="0",="0",="0",="0",="0",="0",="0",="0",="0",="0",="0",="0",="0",="0",="0"
="SSp-bfd5",="0",="0",="0",="0",="0",="0",="0",="0",="0",="0",="0",="0",="0",="0",="0",="0",="0",="0",="0",="0",="0",="0",="0",="0",="0",="0",="0",="0",="0",="0",="0",="0",="0",="0"
="SSp-bfd6a",="0",="0",="0",="0",="0",="0",="0",="0",="0",="0",="0",="0",="0",="0",="0",="0",="0",="0",="0",="0",="0",="0",="0",="0",="0",="0",="0",="0",="0",="0",="0",="0",="0",="0"
="ENTl1",="0",="0",="0",="0",="0",="0",="0",="0",="0",="0",="0",="0",="0",="0",="0",="0",="0",="0",="0",="0",="0",="0",="0",="0",="0",="0",="0",="0",="0",="0",="0",="0",="0",="0"
="SSs5",="0",="0",="0",="0",="0",="0",="0",="0",="0",="0",="1",="0",="0",="0",="0",="0",="0",="0",="0",="0",="0",="0",="0",="0",="0",="0",="0",="0",="0",="0",="0",="0",="0",="0"
="AUDd4",="0",="0",="0",="0",="0",="0",="0",="0",="0",="0",="1",="0",="0",="0",="0",="0",="0",="0",="0",="0",="0",="0",="0",="0",="0",="0",="0",="0",="0",="0",="0",="0",="0",="0"
="AUDd5",="0",="0",="0",="0",="0",="0",="0",="0",="0",="0",="2",="0",="0",="0",="0",="0",="0",="0",="0",="0",="0",="0",="0",="0",="0",="0",="0",="0",="0",="0",="0",="0",="0",="0"
="AUDpo5",="0",="0",="0",="0",="0",="0",="0",="0",="0",="0",="0",="0",="0",="0",="0",="0",="0",="0",="0",="0",="1",="0",="0",="0",="0",="0",="0",="0",="0",="0",="0",="0",="0",="6"
="VISal4",="0",="0",="0",="0",="0",="0",="0",="0",="0",="0",="0",="0",="0",="0",="0",="0",="0",="0",="0",="0",="0",="0",="0",="0",="0",="0",="0",="0",="0",="0",="0",="0",="0",="0"
="VISal5",="0",="0",="0",="0",="0",="0",="0",="0",="0",="0",="2",="0",="0",="0",="0",="0",="0",="0",="0",="6",="0",="0",="0",="0",="0",="0",="0",="0",="0",="0",="0",="0",="0",="0"
="VISal6a",="0",="0",="0",="0",="0",="0",="0",="0",="0",="0",="0",="0",="0",="0",="0",="0",="0",="0",="0",="3",="0",="0",="0",="0",="0",="0",="0",="0",="0",="0",="0",="0",="0",="0"
="VISal6b",="0",="0",="0",="0",="0",="0",="0",="0",="0",="0",="1",="0",="0",="0",="0",="0",="0",="0",="0",="1",="0",="0",="0",="0",="0",="0",="0",="0",="0",="0",="0",="0",="0",="0"
="VISl6b",="0",="0",="0",="0",="0",="0",="0",="0",="0",="0",="0",="1",="0",="0",="0",="0",="0",="0",="0",="0",="0",="0",="0",="0",="0",="0",="0",="0",="0",="0",="0",="0",="0",="0"
="VISrl6a",="0",="0",="0",="0",="0",="0",="0",="0",="0",="0",="0",="0",="0",="0",="0",="0",="0",="0",="0",="1",="0",="0",="1",="0",="0",="0",="0",="0",="0",="0",="0",="0",="0",="0"
="VISrl6b",="0",="0",="0",="0",="0",="0",="0",="0",="0",="0",="0",="0",="0",="0",="0",="0",="0",="0",="0",="0",="0",="0",="0",="0",="0",="0",="0",="0",="0",="0",="0",="0",="0",="0"
="EPv",="0",="0",="0",="0",="0",="0",="0",="0",="0",="0",="0",="0",="0",="0",="0",="0",="5",="0",="0",="0",="0",="0",="0",="0",="0",="0",="0",="0",="0",="0",="0",="0",="0",="0"
="BMAa",="0",="0",="0",="0",="0",="0",="0",="0",="0",="0",="0",="0",="0",="0",="0",="0",="0",="0",="0",="0",="0",="0",="0",="0",="0",="0",="0",="0",="0",="0",="0",="0",="0",="0"
="IA",="0",="0",="0",="0",="0",="0",="0",="0",="0",="0",="0",="0",="0",="0",="0",="0",="0",="0",="0",="0",="0",="0",="0",="0",="0",="0",="0",="0",="0",="0",="0",="0",="0",="0"
="AUDp6b",="0",="0",="0",="0",="0",="0",="0",="0",="0",="0",="0",="0",="0",="0",="0",="0",="0",="0",="0",="0",="1",="0",="0",="0",="0",="0",="0",="0",="0",="0",="0",="0",="0",="0"
="AUDv6a",="0",="0",="0",="0",="0",="0",="0",="0",="0",="0",="0",="0",="0",="0",="0",="0",="0",="0",="0",="0",="0",="0",="0",="0",="0",="0",="0",="0",="0",="0",="0",="0",="0",="0"
="AUDv6b",="0",="0",="0",="0",="0",="0",="0",="0",="0",="0",="0",="0",="0",="0",="0",="0",="0",="0",="0",="0",="0",="0",="0",="0",="0",="0",="0",="0",="0",="0",="0",="0",="0",="0"
="VISC6b",="0",="0",="0",="0",="0",="0",="0",="0",="0",="0",="0",="0",="0",="0",="0",="0",="0",="0",="0",="0",="0",="0",="0",="0",="0",="0",="0",="0",="0",="0",="0",="0",="0",="0"
="BLAv",="0",="0",="0",="0",="0",="0",="0",="0",="0",="0",="0",="0",="0",="0",="0",="0",="2",="0",="0",="0",="0",="0",="0",="0",="0",="0",="0",="0",="0",="0",="0",="0",="0",="0"
="VISpm1",="0",="0",="0",="0",="0",="0",="0",="0",="0",="0",="0",="0",="0",="1",="0",="0",="0",="9",="0",="0",="0",="0",="2",="0",="0",="0",="0",="0",="0",="0",="0",="0",="0",="0"
="VISpm5",="0",="0",="0",="0",="0",="0",="0",="0",="0",="0",="0",="0",="0",="0",="0",="0",="0",="1",="0",="3",="0",="0",="0",="0",="0",="0",="0",="0",="0",="0",="0",="0",="0",="0"
="VISpm6b",="0",="0",="0",="0",="0",="0",="0",="0",="0",="0",="0",="0",="0",="0",="0",="0",="0",="0",="0",="0",="0",="0",="0",="0",="0",="0",="0",="0",="0",="0",="0",="0",="0",="0"
="ORBm1",="0",="0",="0",="0",="0",="0",="0",="0",="0",="0",="0",="0",="0",="0",="1",="0",="0",="0",="0",="0",="0",="0",="0",="0",="0",="0",="0",="0",="0",="0",="0",="0",="0",="0"
="ORBm2/3",="0",="0",="0",="0",="0",="0",="0",="0",="0",="0",="0",="0",="0",="0",="6",="0",="0",="0",="0",="0",="0",="0",="0",="0",="0",="0",="0",="0",="0",="0",="0",="0",="0",="0"
="ORBm5",="0",="0",="0",="0",="0",="0",="0",="0",="0",="0",="0",="0",="0",="0",="2",="0",="0",="0",="0",="0",="0",="0",="0",="0",="0",="0",="0",="0",="0",="0",="0",="0",="0",="0"
="ORBm6a",="0",="0",="0",="0",="0",="0",="0",="0",="0",="0",="0",="0",="0",="0",="0",="0",="0",="0",="0",="0",="0",="0",="0",="0",="0",="0",="0",="0",="0",="0",="0",="0",="0",="0"
="ORBvl2/3",="0",="0",="0",="0",="0",="0",="0",="0",="0",="0",="0",="0",="0",="0",="4",="0",="0",="0",="0",="0",="0",="0",="0",="0",="0",="0",="0",="0",="0",="0",="0",="0",="0",="0"
="ORBvl5",="0",="0",="0",="0",="0",="0",="0",="0",="0",="0",="0",="0",="0",="0",="0",="0",="0",="0",="0",="0",="0",="0",="0",="0",="0",="0",="0",="0",="0",="0",="0",="0",="0",="0"
="ILA6a",="0",="0",="0",="0",="0",="0",="0",="0",="0",="0",="0",="0",="0",="0",="0",="0",="0",="0",="0",="0",="0",="0",="0",="0",="0",="0",="0",="0",="0",="0",="0",="0",="0",="0"
="RSPagl6b",="0",="0",="0",="0",="0",="0",="0",="0",="0",="0",="0",="0",="0",="0",="0",="0",="0",="0",="0",="0",="0",="0",="0",="0",="0",="0",="0",="0",="0",="0",="0",="0",="0",="0"
="RSPd6b",="0",="0",="0",="0",="0",="0",="0",="0",="0",="0",="0",="0",="0",="0",="0",="0",="0",="0",="0",="0",="0",="0",="0",="0",="0",="0",="0",="0",="0",="0",="0",="0",="0",="0"
="VISam2/3",="0",="0",="0",="0",="0",="0",="0",="0",="0",="0",="0",="0",="0",="0",="0",="0",="0",="1",="0",="0",="0",="0",="0",="0",="0",="0",="0",="0",="0",="0",="0",="0",="0",="0"
="VISam4",="0",="0",="0",="0",="0",="0",="0",="0",="0",="0",="0",="0",="0",="0",="0",="0",="0",="0",="0",="0",="0",="0",="0",="0",="0",="0",="0",="0",="0",="0",="0",="0",="0",="0"
="VISam5",="0",="0",="0",="0",="0",="0",="0",="0",="0",="0",="0",="0",="0",="0",="0",="0",="0",="2",="0",="0",="0",="0",="0",="0",="0",="0",="0",="0",="0",="0",="0",="0",="0",="0"
="VISpm4",="0",="0",="0",="0",="0",="0",="0",="0",="0",="0",="0",="0",="0",="0",="0",="0",="0",="0",="0",="0",="0",="0",="1",="0",="0",="0",="0",="0",="0",="0",="0",="0",="0",="0"
="VISli6a",="0",="0",="0",="0",="0",="0",="0",="0",="0",="0",="0",="0",="0",="0",="0",="0",="0",="0",="0",="5",="0",="0",="0",="0",="0",="0",="0",="0",="0",="1",="0",="0",="0",="0"
="AUDd6b",="0",="0",="0",="0",="0",="0",="0",="0",="0",="0",="0",="0",="0",="0",="0",="0",="0",="0",="0",="1",="0",="0",="0",="0",="0",="0",="0",="0",="0",="0",="0",="0",="0",="0"
="VISli6b",="0",="0",="0",="0",="0",="0",="0",="0",="0",="0",="0",="0",="0",="0",="0",="0",="0",="0",="0",="0",="0",="0",="0",="0",="0",="0",="0",="0",="0",="0",="0",="0",="0",="0"
="VISrl5",="0",="0",="0",="0",="0",="0",="0",="0",="0",="0",="0",="0",="0",="0",="0",="0",="0",="0",="0",="2",="0",="0",="0",="0",="0",="0",="0",="0",="0",="0",="0",="0",="0",="0"
="AUDd1",="0",="0",="0",="0",="0",="0",="0",="0",="0",="0",="0",="0",="0",="0",="0",="0",="0",="0",="0",="0",="6",="0",="0",="0",="0",="0",="0",="0",="0",="0",="0",="0",="0",="0"
="AUDp1",="0",="0",="0",="0",="0",="0",="0",="0",="0",="0",="0",="0",="0",="0",="0",="0",="0",="0",="0",="0",="11",="0",="0",="0",="0",="0",="0",="0",="0",="0",="0",="0",="0",="0"
="AUDp6a",="0",="0",="0",="0",="0",="0",="0",="0",="0",="0",="0",="0",="0",="0",="0",="0",="0",="0",="0",="0",="1",="0",="0",="0",="0",="0",="0",="0",="0",="0",="0",="0",="0",="0"
="AUDpo1",="0",="0",="0",="0",="0",="0",="0",="0",="0",="0",="0",="0",="0",="0",="0",="0",="0",="0",="0",="0",="10",="0",="0",="0",="0",="0",="0",="0",="0",="0",="0",="0",="0",="0"
="AUDpo2/3",="0",="0",="0",="0",="0",="0",="0",="0",="0",="0",="0",="0",="0",="0",="0",="0",="0",="0",="0",="0",="0",="0",="0",="0",="0",="0",="0",="0",="0",="0",="0",="0",="0",="0"
="AUDpo6a",="0",="0",="0",="0",="0",="0",="0",="0",="0",="0",="0",="0",="0",="0",="0",="0",="0",="0",="0",="0",="2",="0",="0",="0",="0",="0",="0",="0",="0",="0",="0",="0",="0",="0"
="AUDpo6b",="0",="0",="0",="0",="0",="0",="0",="0",="0",="0",="0",="0",="0",="0",="0",="0",="0",="0",="0",="0",="0",="0",="0",="0",="0",="0",="0",="0",="0",="0",="0",="0",="0",="0"
="VISal1",="0",="0",="0",="0",="0",="0",="0",="0",="0",="0",="0",="0",="0",="0",="0",="0",="0",="0",="0",="0",="0",="0",="0",="0",="0",="0",="0",="0",="0",="0",="0",="0",="0",="0"
="VISam6a",="0",="0",="0",="0",="0",="0",="0",="0",="0",="0",="0",="0",="0",="0",="0",="0",="0",="0",="0",="0",="0",="0",="1",="0",="0",="0",="0",="0",="0",="0",="0",="0",="0",="0"
="DG-mo",="0",="0",="0",="0",="0",="0",="0",="0",="0",="0",="0",="0",="0",="0",="0",="0",="0",="0",="0",="0",="0",="0",="0",="2",="0",="1",="0",="5",="0",="0",="6",="0",="0",="0"
="LGd-co",="0",="0",="0",="0",="0",="0",="0",="0",="0",="0",="0",="0",="0",="0",="0",="0",="0",="0",="0",="0",="0",="0",="0",="0",="0",="0",="0",="0",="0",="0",="0",="0",="0",="0"
="LGd-ip",="0",="0",="0",="0",="0",="0",="0",="0",="0",="0",="0",="0",="0",="0",="0",="0",="0",="0",="0",="0",="0",="0",="0",="0",="0",="0",="0",="0",="0",="0",="0",="0",="0",="0"
="LP",="0",="0",="0",="0",="0",="0",="0",="0",="0",="0",="0",="0",="0",="0",="0",="0",="0",="0",="0",="0",="0",="0",="0",="2",="0",="0",="0",="3",="0",="0",="2",="37",="0",="0"
="LD",="0",="0",="0",="0",="0",="0",="0",="0",="0",="0",="0",="0",="0",="0",="0",="0",="0",="0",="0",="0",="0",="0",="0",="1",="0",="0",="0",="2",="0",="0",="1",="8",="0",="0"
="IGL",="0",="0",="0",="0",="0",="0",="0",="0",="0",="0",="0",="0",="0",="0",="0",="0",="0",="0",="0",="0",="0",="0",="0",="1",="0",="3",="0",="0",="0",="1",="1",="0",="0",="1"
="GPe",="0",="0",="0",="0",="0",="0",="0",="0",="0",="0",="0",="0",="0",="0",="0",="0",="0",="0",="0",="0",="0",="0",="0",="0",="0",="0",="0",="0",="1",="0",="0",="0",="1",="0"
="PP",="0",="0",="0",="0",="0",="0",="0",="0",="0",="0",="0",="0",="0",="0",="0",="0",="0",="0",="0",="0",="0",="0",="0",="0",="0",="0",="0",="0",="0",="0",="0",="0",="0",="0"
="PRC",="0",="0",="0",="0",="0",="0",="0",="0",="0",="0",="0",="0",="0",="0",="0",="0",="0",="0",="0",="0",="0",="0",="0",="2",="0",="0",="0",="0",="0",="0",="0",="0",="0",="0"
="APN",="0",="0",="0",="0",="0",="0",="0",="0",="0",="0",="0",="0",="0",="0",="0",="0",="0",="0",="0",="0",="0",="0",="0",="0",="2",="0",="0",="0",="0",="0",="4",="0",="0",="0"
="NPC",="0",="0",="0",="0",="0",="0",="0",="0",="0",="0",="0",="0",="0",="0",="0",="0",="0",="0",="0",="0",="0",="0",="0",="5",="0",="0",="0",="0",="0",="0",="6",="0",="0",="0"
="OP",="0",="0",="0",="0",="0",="0",="0",="0",="0",="0",="0",="0",="0",="0",="0",="0",="0",="0",="0",="0",="0",="0",="0",="2",="0",="0",="0",="0",="0",="0",="9",="0",="0",="0"
="PPT",="0",="0",="0",="0",="0",="0",="0",="0",="0",="0",="0",="0",="0",="0",="0",="0",="0",="0",="0",="0",="0",="0",="0",="2",="0",="1",="0",="0",="0",="0",="1",="0",="0",="0"
="PG",="0",="0",="0",="0",="0",="0",="0",="0",="0",="0",="0",="0",="0",="0",="0",="0",="0",="0",="0",="0",="0",="0",="0",="3",="0",="0",="0",="0",="0",="5",="2",="0",="0",="0"
="SNr",="0",="0",="0",="0",="0",="0",="0",="0",="0",="0",="0",="0",="0",="0",="0",="0",="0",="0",="0",="0",="0",="0",="0",="0",="0",="0",="0",="0",="0",="0",="0",="0",="0",="0"
="LT",="0",="0",="0",="0",="0",="0",="0",="0",="0",="0",="0",="0",="0",="0",="0",="0",="0",="0",="0",="0",="0",="0",="0",="0",="0",="0",="0",="0",="0",="0",="0",="0",="0",="0"
="pc",="0",="0",="0",="0",="0",="0",="0",="0",="0",="0",="0",="0",="0",="0",="0",="0",="0",="0",="0",="0",="0",="0",="0",="0",="0",="0",="0",="0",="0",="0",="2",="0",="0",="0"
="int",="0",="0",="0",="0",="0",="0",="0",="0",="0",="0",="0",="0",="0",="0",="0",="0",="0",="0",="0",="0",="0",="0",="0",="0",="0",="1",="0",="1",="0",="0",="0",="0",="1",="0"
="cpd",="0",="0",="0",="0",="0",="0",="0",="0",="0",="0",="0",="0",="0",="0",="0",="0",="0",="0",="0",="0",="0",="0",="0",="0",="0",="2",="0",="0",="1",="0",="0",="0",="0",="0"
="AUDv1",="0",="0",="0",="0",="0",="0",="0",="0",="0",="0",="0",="0",="0",="0",="0",="0",="0",="0",="0",="0",="0",="0",="0",="0",="0",="0",="0",="0",="0",="0",="0",="0",="0",="0"
="AUDv2/3",="0",="0",="0",="0",="0",="0",="0",="0",="0",="0",="0",="0",="0",="0",="0",="0",="0",="0",="0",="0",="0",="0",="0",="0",="0",="0",="0",="0",="0",="0",="0",="0",="0",="0"
="AUDv4",="0",="0",="0",="0",="0",="0",="0",="0",="0",="0",="0",="0",="0",="0",="0",="0",="0",="0",="0",="0",="0",="0",="0",="0",="0",="0",="0",="0",="0",="0",="0",="0",="0",="0"
="AUDv5",="0",="0",="0",="0",="0",="0",="0",="0",="0",="0",="0",="0",="0",="0",="0",="0",="0",="0",="0",="0",="0",="0",="0",="0",="0",="0",="0",="0",="0",="0",="0",="0",="0",="1"
="SCdg",="0",="0",="0",="0",="0",="0",="0",="0",="0",="0",="0",="0",="0",="0",="0",="0",="0",="0",="0",="0",="0",="0",="0",="0",="2",="0",="0",="0",="0",="0",="0",="0",="0",="0"
="SCdw",="0",="0",="0",="0",="0",="0",="0",="0",="0",="0",="0",="0",="0",="0",="0",="0",="0",="0",="0",="0",="0",="0",="0",="0",="0",="0",="0",="0",="0",="0",="0",="0",="0",="0"
="SCiw",="0",="0",="0",="0",="0",="0",="0",="0",="0",="0",="0",="0",="0",="0",="0",="0",="0",="0",="0",="0",="0",="0",="0",="0",="1",="0",="0",="0",="0",="0",="0",="0",="0",="0"
="MPT",="0",="0",="0",="0",="0",="0",="0",="0",="0",="0",="0",="0",="0",="0",="0",="0",="0",="0",="0",="0",="0",="0",="0",="0",="1",="0",="0",="0",="0",="0",="1",="0",="0",="0"
="csc",="0",="0",="0",="0",="0",="0",="0",="0",="0",="0",="0",="0",="0",="0",="0",="0",="0",="0",="0",="0",="0",="0",="0",="0",="0",="0",="0",="0",="0",="0",="0",="0",="0",="0"
="opt",="0",="0",="0",="0",="0",="0",="0",="0",="0",="0",="0",="0",="0",="0",="0",="0",="0",="0",="0",="0",="0",="0",="0",="0",="0",="0",="0",="0",="0",="0",="0",="0",="0",="0"
="AUDp5",="0",="0",="0",="0",="0",="0",="0",="0",="0",="0",="0",="0",="0",="0",="0",="0",="0",="0",="0",="0",="0",="0",="0",="0",="0",="0",="0",="0",="0",="0",="0",="0",="0",="0"
="AUDpo4",="0",="0",="0",="0",="0",="0",="0",="0",="0",="0",="0",="0",="0",="0",="0",="0",="0",="0",="0",="0",="0",="0",="0",="0",="0",="1",="0",="0",="0",="0",="0",="0",="0",="0"
="MGv",="0",="0",="0",="0",="0",="0",="0",="0",="0",="0",="0",="0",="0",="0",="0",="0",="0",="0",="0",="0",="0",="0",="0",="0",="0",="0",="0",="0",="0",="0",="0",="0",="0",="0"
="MGm",="0",="0",="0",="0",="0",="0",="0",="0",="0",="0",="0",="0",="0",="0",="0",="0",="0",="0",="0",="0",="0",="0",="0",="0",="0",="0",="0",="0",="0",="0",="0",="0",="0",="0"
="LGd-sh",="0",="0",="0",="0",="0",="0",="0",="0",="0",="0",="0",="0",="0",="0",="0",="0",="0",="0",="0",="0",="0",="0",="0",="0",="0",="0",="0",="0",="0",="0",="0",="0",="0",="0"
="PIL",="0",="0",="0",="0",="0",="0",="0",="0",="0",="0",="0",="0",="0",="0",="0",="0",="0",="0",="0",="0",="0",="0",="0",="0",="0",="0",="0",="0",="0",="0",="0",="0",="0",="0"
="CUN",="0",="0",="0",="0",="0",="0",="0",="0",="0",="0",="0",="0",="0",="0",="0",="0",="0",="0",="0",="0",="0",="0",="0",="0",="0",="3",="0",="0",="0",="0",="0",="0",="0",="0"
="PPN",="0",="0",="0",="0",="0",="0",="0",="0",="0",="0",="0",="0",="0",="0",="0",="0",="0",="0",="0",="0",="0",="0",="0",="0",="0",="0",="0",="0",="0",="0",="0",="0",="0",="0"
="ll",="0",="0",="0",="0",="0",="0",="0",="0",="0",="0",="0",="0",="0",="0",="0",="0",="0",="0",="0",="0",="0",="0",="0",="0",="0",="0",="0",="0",="0",="0",="0",="0",="0",="0"
="bsc",="0",="0",="0",="0",="0",="0",="0",="0",="0",="0",="0",="0",="0",="0",="0",="0",="0",="0",="0",="0",="0",="0",="0",="0",="0",="2",="0",="0",="0",="0",="8",="0",="0",="0"
="SubG",="0",="0",="0",="0",="0",="0",="0",="0",="0",="0",="0",="0",="0",="0",="0",="0",="0",="0",="0",="0",="0",="0",="0",="0",="0",="0",="0",="0",="0",="0",="2",="0",="0",="0"
="PBG",="0",="0",="0",="0",="0",="0",="0",="0",="0",="0",="0",="0",="0",="0",="0",="0",="0",="0",="0",="0",="0",="0",="0",="0",="0",="0",="0",="0",="0",="0",="0",="0",="0",="0"
="SCop",="0",="0",="0",="0",="0",="0",="0",="0",="0",="0",="0",="0",="0",="0",="0",="0",="0",="0",="0",="0",="0",="0",="0",="0",="0",="0",="0",="41",="0",="0",="2",="0",="0",="0"
="SCsg",="0",="0",="0",="0",="0",="0",="0",="0",="0",="0",="0",="0",="0",="0",="0",="0",="0",="0",="0",="0",="0",="0",="0",="0",="0",="0",="0",="24",="0",="0",="0",="0",="0",="0"
="NOT",="0",="0",="0",="0",="0",="0",="0",="0",="0",="0",="0",="0",="0",="0",="0",="0",="0",="0",="0",="0",="0",="0",="0",="0",="0",="0",="0",="1",="0",="0",="0",="0",="0",="0"
="GPi",="0",="0",="0",="0",="0",="0",="0",="0",="0",="0",="0",="0",="0",="0",="0",="0",="0",="0",="0",="0",="0",="0",="0",="0",="0",="0",="0",="0",="0",="0",="0",="0",="0",="0"
="SI",="0",="0",="0",="0",="0",="0",="0",="0",="0",="0",="0",="0",="0",="0",="0",="0",="0",="0",="0",="0",="0",="0",="0",="0",="0",="0",="0",="0",="0",="0",="0",="0",="0",="0"
="STN",="0",="0",="0",="0",="0",="0",="0",="0",="0",="0",="0",="0",="0",="0",="0",="0",="0",="0",="0",="0",="0",="0",="0",="0",="0",="0",="0",="0",="0",="0",="0",="0",="0",="0"
="TRN",="0",="0",="0",="0",="0",="0",="0",="0",="0",="0",="0",="0",="0",="0",="0",="0",="0",="0",="0",="0",="0",="0",="0",="0",="0",="0",="0",="0",="0",="0",="0",="0",="0",="0"
="mcp",="0",="0",="0",="0",="0",="0",="0",="0",="0",="0",="0",="0",="0",="0",="0",="0",="0",="0",="0",="0",="0",="0",="0",="0",="0",="0",="0",="0",="0",="0",="0",="0",="0",="0"
="nst",="0",="0",="0",="0",="0",="0",="0",="0",="0",="0",="0",="0",="0",="0",="0",="0",="0",="0",="0",="0",="0",="0",="0",="0",="0",="0",="0",="0",="0",="1",="0",="0",="0",="0"
="MGd",="0",="0",="0",="0",="0",="0",="0",="0",="0",="0",="0",="0",="0",="0",="0",="0",="0",="0",="0",="0",="0",="0",="0",="0",="0",="0",="0",="0",="0",="0",="0",="0",="0",="0"
="POL",="0",="0",="0",="0",="0",="0",="0",="0",="0",="0",="0",="0",="0",="0",="0",="0",="0",="0",="0",="0",="0",="0",="0",="0",="0",="0",="0",="0",="0",="0",="0",="0",="0",="0"
="SGN",="0",="0",="0",="0",="0",="0",="0",="0",="0",="0",="0",="0",="0",="0",="0",="0",="0",="0",="0",="0",="0",="0",="0",="0",="0",="0",="0",="0",="0",="0",="0",="0",="0",="0"
="RT",="0",="0",="0",="0",="0",="0",="0",="0",="0",="0",="0",="0",="0",="0",="0",="0",="0",="0",="0",="0",="0",="0",="0",="0",="0",="0",="0",="0",="0",="0",="0",="1",="0",="0"
="CL",="0",="0",="0",="0",="0",="0",="0",="0",="0",="0",="0",="0",="0",="0",="0",="0",="0",="0",="0",="0",="0",="0",="0",="0",="0",="0",="0",="0",="0",="0",="0",="5",="0",="0"