 ,221057_058,221057_059,221057_061,221057_062,221057_063,221057_074,221057_075,221057_076,221057_077,221057_078,221364_054,221364_055,221364_130,221364_131,221364_132,221364_134,221364_135,221364_136,221481_476,221703_215,221703_221,221703_248,221703_266,221703_328,221728_157,221728_158,230011_191,230011_192,230011_205,230011_206,230011_208,230011_209,230011_216,230066_130,230066_131,230066_141,230066_142,230116_001,230116_005,221089_035,221229_106,221229_119,221478_225,221479_149,221703_268,231686_047,221089_037,221229_105,221416_017,221474_206,221476_071,221476_092,221478_209,233285_098,221474_195,221474_202,221474_203,221476_070,233282_078,233285_080,233285_081,221367_101,221367_130,233285_099
="SSp-ll6a",="0",="0",="0",="0",="0",="0",="0",="0",="0",="0",="0",="0",="0",="0",="0",="0",="0",="0",="0",="0",="0",="0",="0",="0",="0",="0",="0",="0",="0",="0",="0",="0",="0",="0",="0",="0",="0",="0",="0",="0",="0",="0",="0",="0",="0",="0",="0",="0",="0",="0",="0",="0",="0",="0",="0",="0",="0",="0",="0",="0",="0",="0",="0",="0"
="SSp-tr2/3",="2",="0",="0",="0",="0",="0",="0",="0",="0",="0",="0",="0",="0",="0",="0",="0",="0",="2",="0",="0",="0",="0",="0",="0",="0",="0",="0",="0",="0",="3",="0",="0",="0",="0",="0",="1",="0",="0",="0",="0",="0",="0",="0",="0",="0",="0",="0",="1",="0",="0",="3",="0",="0",="0",="0",="0",="0",="0",="0",="0",="0",="0",="0",="0"
="SSp-tr6a",="0",="0",="0",="0",="0",="0",="0",="0",="0",="0",="0",="0",="0",="0",="0",="0",="0",="0",="0",="0",="0",="0",="0",="0",="0",="0",="0",="0",="0",="0",="0",="0",="0",="0",="0",="0",="0",="0",="0",="0",="0",="0",="0",="2",="0",="0",="0",="0",="0",="0",="0",="4",="0",="0",="0",="0",="0",="1",="0",="1",="1",="1",="0",="0"
="ENTm3",="1",="0",="0",="0",="0",="0",="0",="0",="0",="0",="0",="0",="0",="0",="0",="0",="0",="0",="0",="0",="0",="0",="0",="0",="1",="0",="0",="0",="0",="0",="0",="0",="0",="1",="0",="0",="0",="0",="1",="0",="3",="0",="0",="0",="0",="0",="0",="0",="0",="1",="0",="0",="0",="0",="0",="0",="0",="0",="0",="0",="0",="0",="0",="0"
="MOp6a",="0",="0",="0",="0",="0",="0",="0",="0",="0",="0",="0",="0",="0",="0",="0",="0",="0",="0",="0",="0",="0",="0",="0",="0",="0",="0",="0",="0",="0",="0",="0",="0",="0",="0",="0",="0",="0",="0",="0",="0",="0",="0",="0",="0",="0",="0",="0",="0",="0",="0",="0",="0",="2",="0",="0",="0",="0",="0",="0",="0",="0",="0",="0",="0"
="MOs1",="2",="0",="4",="11",="2",="0",="0",="0",="0",="0",="0",="0",="5",="17",="14",="0",="7",="0",="0",="11",="4",="0",="0",="0",="0",="0",="0",="16",="0",="0",="0",="9",="0",="0",="12",="0",="5",="0",="0",="0",="13",="0",="9",="0",="0",="48",="0",="15",="2",="0",="0",="2",="79",="0",="0",="9",="0",="0",="2",="0",="11",="0",="0",="0"
="MOs2/3",="2",="0",="4",="9",="2",="0",="1",="0",="0",="0",="0",="0",="3",="15",="12",="0",="3",="0",="7",="13",="12",="0",="0",="0",="0",="0",="0",="45",="0",="0",="0",="1",="0",="0",="4",="0",="0",="0",="0",="0",="10",="0",="1",="0",="0",="8",="0",="10",="2",="0",="0",="1",="14",="0",="0",="6",="0",="0",="4",="0",="3",="0",="0",="0"
="MOs6a",="0",="0",="0",="0",="1",="0",="0",="0",="0",="0",="0",="0",="0",="0",="1",="0",="1",="0",="1",="0",="1",="0",="0",="0",="0",="0",="0",="0",="0",="0",="0",="0",="0",="0",="0",="0",="0",="0",="0",="0",="4",="0",="0",="0",="0",="0",="0",="0",="6",="0",="0",="0",="3",="0",="0",="4",="0",="1",="1",="0",="0",="0",="0",="0"
="VISam1",="12",="9",="24",="8",="19",="12",="11",="4",="0",="15",="0",="2",="1",="15",="11",="6",="5",="6",="13",="6",="9",="0",="18",="8",="14",="14",="5",="30",="7",="12",="10",="3",="5",="14",="8",="6",="6",="2",="0",="0",="11",="30",="3",="0",="4",="2",="2",="2",="0",="4",="13",="0",="28",="0",="0",="2",="0",="0",="3",="5",="1",="0",="12",="0"
="VISam2/3",="17",="6",="12",="10",="10",="9",="14",="9",="1",="13",="2",="13",="3",="22",="13",="13",="6",="20",="27",="16",="9",="12",="29",="6",="7",="38",="8",="26",="7",="10",="8",="1",="7",="12",="15",="18",="16",="2",="1",="0",="10",="24",="4",="12",="9",="1",="1",="5",="0",="14",="9",="0",="25",="7",="0",="0",="0",="1",="6",="1",="0",="0",="0",="2"
="VISam4",="1",="1",="4",="4",="6",="1",="3",="0",="0",="4",="2",="0",="3",="4",="0",="1",="2",="1",="6",="4",="5",="5",="8",="2",="0",="5",="3",="4",="1",="1",="1",="0",="2",="2",="0",="3",="7",="0",="0",="1",="5",="6",="2",="3",="3",="1",="0",="2",="3",="6",="1",="0",="12",="10",="0",="1",="0",="0",="0",="0",="0",="0",="3",="6"
="VISam5",="7",="4",="11",="5",="10",="14",="6",="10",="0",="10",="3",="9",="5",="14",="4",="13",="5",="5",="10",="18",="23",="10",="32",="17",="8",="22",="3",="12",="9",="5",="3",="2",="5",="16",="5",="5",="24",="8",="0",="7",="7",="19",="6",="14",="17",="1",="2",="10",="23",="35",="17",="19",="16",="71",="1",="12",="4",="0",="2",="3",="1",="1",="26",="6"
="VISam6a",="0",="0",="0",="0",="0",="0",="1",="0",="0",="0",="0",="4",="0",="4",="1",="0",="5",="0",="0",="0",="0",="0",="0",="1",="0",="0",="0",="0",="0",="0",="0",="1",="0",="0",="2",="0",="2",="0",="0",="0",="1",="1",="0",="1",="0",="0",="0",="0",="3",="4",="4",="14",="1",="2",="5",="9",="26",="2",="3",="2",="3",="2",="1",="3"
="VISam6b",="1",="0",="0",="0",="1",="0",="0",="0",="0",="0",="0",="0",="0",="0",="0",="0",="0",="0",="0",="0",="0",="0",="0",="0",="0",="0",="0",="0",="0",="0",="0",="0",="0",="0",="0",="0",="0",="0",="0",="0",="0",="0",="0",="0",="0",="0",="0",="0",="0",="0",="1",="0",="0",="0",="1",="0",="10",="1",="1",="5",="2",="0",="0",="1"
="VISp6a",="0",="0",="0",="0",="0",="0",="0",="0",="1",="0",="0",="0",="1",="0",="0",="0",="0",="0",="0",="0",="0",="0",="0",="0",="0",="0",="1",="0",="0",="1",="0",="0",="0",="0",="0",="6",="0",="0",="0",="6",="2",="7",="0",="0",="0",="0",="0",="3",="0",="2",="11",="0",="0",="0",="12",="5",="62",="2",="0",="0",="0",="0",="0",="0"
="VISp6b",="0",="0",="0",="0",="0",="0",="0",="0",="0",="0",="0",="0",="0",="0",="0",="1",="0",="0",="0",="0",="0",="0",="0",="0",="0",="0",="0",="0",="0",="0",="0",="0",="0",="0",="0",="0",="0",="0",="0",="2",="1",="2",="0",="0",="1",="0",="0",="1",="1",="0",="0",="0",="0",="0",="1",="0",="17",="0",="0",="0",="1",="0",="0",="0"
="VISpl5",="0",="0",="2",="0",="0",="3",="0",="0",="0",="0",="0",="0",="0",="0",="0",="0",="0",="0",="0",="0",="0",="0",="0",="4",="0",="0",="0",="0",="0",="0",="0",="0",="0",="0",="0",="1",="0",="0",="0",="0",="1",="2",="0",="0",="0",="0",="0",="0",="0",="0",="4",="0",="0",="0",="4",="0",="0",="0",="0",="0",="0",="0",="0",="0"
="VISpm5",="0",="0",="1",="1",="0",="3",="1",="0",="0",="4",="2",="2",="2",="0",="1",="2",="5",="5",="3",="0",="5",="0",="18",="4",="0",="1",="0",="0",="0",="0",="0",="0",="6",="2",="7",="0",="2",="0",="1",="0",="0",="2",="0",="0",="14",="0",="0",="3",="5",="0",="2",="1",="6",="3",="5",="0",="0",="5",="0",="0",="2",="0",="3",="5"
="VISpm6a",="0",="0",="0",="0",="0",="0",="1",="0",="0",="0",="0",="0",="0",="0",="1",="0",="0",="0",="0",="0",="0",="0",="0",="0",="0",="0",="0",="0",="0",="0",="0",="0",="0",="0",="0",="2",="0",="0",="0",="0",="0",="1",="0",="0",="0",="0",="1",="3",="0",="1",="0",="0",="0",="0",="3",="3",="4",="3",="0",="0",="2",="0",="0",="0"
="VISpm6b",="0",="0",="0",="0",="0",="0",="0",="0",="0",="0",="0",="0",="0",="0",="0",="0",="0",="0",="0",="0",="0",="0",="1",="0",="0",="0",="0",="0",="0",="0",="0",="0",="0",="0",="0",="0",="0",="0",="0",="0",="0",="0",="0",="0",="0",="0",="0",="0",="0",="0",="0",="0",="0",="0",="5",="0",="0",="0",="0",="1",="0",="0",="0",="0"
="ACAd1",="22",="0",="5",="5",="0",="12",="1",="0",="0",="9",="0",="0",="7",="57",="17",="0",="3",="0",="1",="1",="1",="2",="0",="0",="0",="0",="0",="18",="0",="0",="0",="3",="0",="0",="3",="0",="8",="0",="0",="0",="40",="0",="59",="0",="0",="29",="0",="37",="5",="0",="0",="0",="97",="0",="0",="8",="0",="0",="0",="5",="3",="0",="0",="0"
="ACAd2/3",="9",="0",="6",="1",="2",="4",="0",="0",="0",="4",="0",="0",="5",="18",="3",="0",="15",="0",="8",="1",="9",="0",="0",="0",="0",="0",="0",="25",="0",="0",="0",="0",="0",="0",="0",="0",="3",="4",="0",="0",="3",="0",="12",="0",="0",="1",="0",="13",="1",="0",="0",="0",="13",="0",="0",="3",="0",="0",="4",="0",="0",="0",="0",="0"
="ACAd5",="5",="0",="12",="7",="3",="2",="2",="0",="0",="1",="0",="0",="14",="8",="4",="0",="15",="0",="0",="1",="24",="6",="0",="0",="0",="0",="0",="4",="0",="0",="0",="1",="0",="0",="3",="0",="2",="0",="0",="0",="13",="4",="3",="0",="0",="1",="3",="10",="8",="5",="0",="18",="3",="0",="0",="20",="0",="4",="1",="1",="0",="0",="0",="0"
="ACAd6a",="0",="0",="2",="2",="0",="0",="0",="0",="0",="0",="0",="0",="0",="0",="0",="0",="2",="0",="0",="0",="1",="1",="0",="0",="0",="0",="0",="0",="0",="0",="0",="0",="0",="0",="0",="0",="0",="0",="0",="0",="11",="7",="0",="0",="0",="0",="3",="8",="11",="4",="0",="7",="0",="0",="0",="50",="0",="5",="0",="0",="0",="0",="0",="0"
="ACAv1",="3",="13",="1",="0",="0",="5",="10",="0",="0",="16",="0",="0",="0",="2",="0",="0",="0",="0",="0",="0",="0",="2",="0",="0",="0",="0",="0",="0",="0",="0",="0",="0",="0",="0",="2",="0",="0",="0",="0",="0",="2",="5",="22",="0",="0",="2",="0",="4",="6",="0",="0",="0",="8",="0",="0",="5",="0",="1",="0",="3",="2",="0",="0",="0"
="ACAv2/3",="0",="3",="0",="0",="0",="4",="0",="0",="0",="4",="0",="0",="0",="2",="2",="0",="0",="0",="0",="0",="0",="2",="0",="0",="0",="0",="0",="0",="0",="0",="0",="0",="0",="0",="3",="0",="0",="4",="0",="0",="1",="0",="5",="0",="0",="0",="0",="3",="11",="0",="0",="1",="2",="0",="0",="0",="0",="0",="0",="0",="0",="0",="0",="0"
="ORBm2/3",="0",="2",="0",="0",="0",="0",="0",="0",="0",="0",="0",="0",="0",="0",="0",="0",="0",="0",="0",="0",="0",="0",="0",="0",="0",="0",="0",="0",="0",="0",="0",="0",="0",="0",="0",="0",="0",="0",="0",="0",="0",="0",="0",="0",="0",="0",="0",="0",="0",="2",="0",="0",="0",="0",="0",="0",="0",="0",="0",="0",="0",="0",="0",="0"
="ORBm5",="0",="0",="0",="0",="0",="0",="0",="0",="0",="0",="0",="0",="0",="0",="0",="0",="0",="0",="0",="0",="0",="0",="0",="0",="0",="0",="0",="0",="0",="0",="0",="0",="0",="0",="0",="0",="0",="0",="0",="0",="0",="0",="0",="0",="0",="0",="0",="0",="0",="0",="0",="0",="0",="0",="0",="4",="0",="0",="0",="0",="0",="0",="0",="0"
="RSPagl1",="2",="6",="0",="0",="0",="1",="8",="0",="0",="0",="0",="0",="0",="1",="0",="0",="1",="0",="0",="0",="0",="0",="1",="0",="0",="0",="0",="1",="2",="3",="6",="4",="0",="0",="0",="0",="0",="1",="11",="0",="2",="2",="0",="0",="12",="6",="0",="0",="1",="1",="59",="0",="1",="0",="0",="2",="0",="0",="0",="8",="9",="0",="1",="0"
="RSPagl2/3",="8",="12",="0",="0",="8",="0",="5",="0",="0",="1",="0",="0",="0",="2",="0",="0",="1",="0",="2",="1",="0",="0",="3",="7",="0",="0",="0",="0",="1",="0",="7",="1",="1",="0",="0",="17",="3",="2",="7",="0",="4",="0",="0",="11",="2",="4",="0",="2",="1",="10",="21",="0",="0",="1",="0",="3",="0",="0",="0",="2",="2",="0",="0",="0"
="RSPagl5",="3",="7",="0",="0",="4",="1",="2",="0",="2",="4",="0",="0",="0",="1",="0",="0",="2",="0",="4",="0",="0",="0",="1",="12",="2",="0",="0",="0",="3",="4",="4",="0",="2",="3",="0",="7",="33",="2",="5",="0",="5",="1",="0",="11",="3",="0",="0",="0",="5",="2",="16",="4",="0",="0",="6",="2",="0",="6",="1",="3",="2",="0",="2",="0"
="RSPagl6a",="0",="0",="0",="0",="1",="0",="1",="0",="0",="0",="0",="3",="0",="0",="0",="0",="0",="0",="1",="1",="0",="0",="0",="1",="0",="0",="0",="0",="0",="1",="0",="0",="0",="1",="0",="0",="1",="0",="0",="0",="4",="0",="3",="1",="0",="0",="0",="1",="1",="0",="2",="5",="0",="0",="8",="7",="5",="15",="0",="4",="5",="0",="0",="0"
="RSPd6a",="2",="0",="2",="0",="1",="0",="1",="2",="0",="0",="0",="0",="0",="0",="0",="0",="0",="0",="0",="0",="0",="0",="0",="0",="0",="0",="0",="0",="0",="0",="0",="0",="0",="0",="0",="0",="1",="0",="0",="1",="6",="14",="0",="0",="0",="0",="5",="21",="2",="2",="3",="1",="0",="0",="15",="16",="5",="9",="2",="2",="1",="0",="0",="0"
="VISa1",="6",="0",="4",="11",="10",="0",="0",="1",="0",="0",="1",="2",="0",="5",="2",="3",="3",="3",="0",="8",="22",="0",="0",="0",="1",="9",="5",="15",="3",="3",="1",="2",="0",="9",="5",="1",="4",="0",="0",="0",="8",="0",="0",="0",="0",="0",="0",="3",="0",="5",="12",="0",="17",="0",="0",="0",="0",="0",="3",="1",="3",="0",="0",="0"
="VISa2/3",="13",="0",="1",="4",="4",="0",="0",="1",="0",="0",="4",="7",="0",="2",="3",="2",="0",="7",="10",="1",="29",="0",="2",="0",="2",="11",="9",="20",="10",="4",="1",="0",="3",="4",="0",="7",="10",="0",="0",="0",="3",="0",="3",="12",="0",="0",="0",="5",="2",="13",="4",="0",="20",="0",="0",="2",="0",="0",="2",="0",="2",="1",="0",="1"
="VISa4",="1",="0",="3",="5",="8",="0",="0",="2",="0",="0",="1",="4",="2",="3",="0",="3",="0",="2",="1",="6",="13",="0",="1",="0",="1",="2",="3",="3",="3",="4",="0",="0",="4",="1",="0",="0",="4",="0",="0",="0",="3",="0",="0",="9",="0",="0",="0",="8",="3",="1",="0",="2",="19",="3",="0",="2",="0",="1",="1",="0",="0",="0",="1",="10"
="VISa5",="1",="0",="3",="15",="9",="0",="1",="2",="0",="0",="4",="8",="2",="2",="3",="6",="4",="10",="8",="7",="38",="0",="2",="0",="6",="15",="3",="2",="9",="4",="1",="7",="1",="2",="4",="2",="7",="1",="0",="0",="4",="1",="1",="7",="0",="0",="0",="8",="10",="26",="5",="22",="9",="19",="2",="1",="0",="5",="1",="0",="0",="3",="22",="1"
="VISa6a",="0",="0",="0",="0",="0",="0",="0",="0",="0",="0",="0",="0",="0",="1",="0",="0",="0",="0",="0",="1",="0",="0",="0",="1",="0",="0",="1",="0",="0",="0",="0",="0",="0",="0",="0",="0",="0",="0",="0",="0",="0",="0",="0",="2",="0",="0",="0",="0",="2",="3",="4",="4",="1",="0",="3",="0",="1",="5",="9",="0",="1",="2",="0",="0"
="PL1",="1",="1",="0",="0",="3",="0",="0",="0",="0",="0",="0",="0",="0",="7",="0",="0",="0",="0",="0",="0",="0",="0",="0",="0",="0",="0",="0",="0",="0",="0",="0",="0",="0",="0",="0",="0",="0",="1",="0",="0",="0",="0",="0",="0",="0",="0",="0",="0",="1",="0",="0",="0",="0",="0",="0",="0",="0",="0",="0",="2",="0",="0",="0",="0"
="PL2/3",="3",="0",="0",="0",="5",="0",="0",="0",="0",="0",="0",="0",="0",="5",="0",="0",="2",="0",="0",="0",="0",="0",="0",="0",="0",="0",="0",="0",="0",="0",="0",="0",="0",="0",="0",="0",="0",="9",="0",="0",="0",="0",="0",="0",="0",="0",="0",="0",="2",="0",="0",="0",="0",="0",="0",="0",="0",="0",="0",="0",="0",="0",="0",="0"
="PL5",="6",="0",="1",="0",="5",="0",="0",="0",="0",="0",="0",="0",="5",="2",="0",="0",="2",="0",="0",="2",="0",="1",="0",="0",="0",="0",="0",="0",="0",="0",="0",="0",="0",="0",="0",="0",="0",="4",="0",="0",="0",="0",="0",="0",="0",="0",="0",="0",="0",="0",="0",="2",="0",="0",="0",="2",="0",="4",="0",="0",="0",="0",="0",="0"
="PL6a",="0",="0",="0",="0",="0",="0",="0",="0",="0",="0",="0",="0",="0",="0",="0",="0",="0",="0",="0",="0",="0",="1",="0",="0",="0",="0",="0",="0",="0",="0",="0",="0",="0",="0",="0",="0",="0",="0",="0",="0",="0",="0",="0",="0",="0",="0",="0",="0",="0",="0",="0",="0",="0",="0",="0",="0",="0",="2",="0",="0",="0",="0",="0",="0"
="SSs1",="0",="1",="0",="0",="0",="0",="0",="0",="0",="0",="2",="0",="0",="0",="0",="0",="0",="0",="0",="0",="0",="0",="0",="0",="0",="0",="0",="0",="0",="0",="0",="0",="0",="0",="0",="0",="0",="0",="0",="0",="0",="0",="0",="0",="0",="0",="1",="0",="0",="0",="0",="0",="0",="0",="0",="0",="0",="0",="0",="0",="0",="0",="0",="0"
="VISal1",="0",="3",="0",="10",="0",="2",="1",="8",="0",="0",="0",="7",="0",="0",="1",="9",="2",="14",="6",="0",="0",="0",="30",="0",="2",="0",="0",="0",="0",="0",="0",="0",="0",="0",="9",="0",="9",="0",="0",="3",="0",="0",="2",="0",="0",="21",="2",="9",="1",="0",="5",="0",="0",="0",="0",="3",="0",="0",="0",="1",="0",="0",="12",="0"
="VISal2/3",="0",="2",="0",="5",="0",="0",="0",="0",="0",="0",="0",="2",="0",="0",="1",="4",="0",="3",="5",="0",="0",="0",="3",="0",="1",="0",="0",="0",="0",="0",="0",="0",="0",="0",="2",="0",="4",="0",="0",="0",="0",="0",="1",="0",="0",="0",="0",="8",="0",="0",="0",="0",="0",="0",="0",="1",="0",="0",="0",="0",="0",="0",="0",="0"
="VISal4",="0",="1",="0",="0",="0",="0",="0",="0",="0",="0",="0",="0",="0",="0",="0",="1",="1",="0",="0",="0",="0",="0",="5",="0",="1",="0",="0",="0",="0",="0",="0",="0",="0",="1",="1",="0",="0",="0",="0",="0",="0",="0",="3",="0",="0",="4",="0",="1",="0",="0",="1",="0",="0",="0",="0",="0",="0",="0",="0",="0",="0",="0",="0",="0"
="VISp1",="0",="1",="4",="38",="2",="44",="12",="26",="20",="52",="0",="0",="0",="3",="5",="6",="0",="19",="4",="2",="5",="53",="4",="0",="3",="38",="0",="0",="0",="0",="0",="0",="0",="0",="24",="9",="16",="0",="1",="21",="12",="6",="5",="0",="25",="0",="10",="21",="30",="0",="67",="0",="27",="0",="0",="1",="0",="0",="2",="6",="5",="0",="66",="0"
="VISp5",="0",="0",="0",="3",="3",="2",="0",="0",="2",="4",="0",="0",="1",="1",="1",="1",="0",="0",="0",="1",="6",="1",="3",="0",="0",="2",="0",="0",="0",="0",="0",="0",="2",="0",="0",="0",="1",="0",="0",="3",="0",="4",="0",="0",="3",="0",="0",="5",="0",="1",="2",="1",="0",="2",="5",="5",="4",="0",="1",="0",="0",="0",="3",="1"
="VISpm1",="0",="1",="0",="12",="2",="7",="1",="1",="0",="9",="0",="0",="0",="6",="1",="6",="3",="9",="1",="1",="4",="0",="13",="4",="0",="2",="5",="0",="2",="0",="2",="0",="7",="1",="0",="1",="0",="0",="3",="0",="8",="7",="1",="0",="19",="1",="0",="3",="1",="1",="3",="0",="50",="0",="0",="11",="0",="0",="0",="0",="10",="0",="3",="0"
="VISpm2/3",="0",="2",="0",="6",="3",="5",="4",="1",="0",="2",="0",="1",="3",="2",="0",="3",="3",="8",="6",="0",="23",="5",="14",="5",="0",="5",="2",="0",="0",="0",="1",="0",="4",="1",="3",="0",="0",="0",="5",="0",="3",="4",="0",="0",="0",="1",="0",="0",="2",="4",="3",="0",="5",="1",="0",="6",="0",="0",="1",="0",="1",="0",="0",="0"
="ACAv5",="0",="6",="2",="0",="0",="8",="1",="0",="0",="2",="0",="0",="0",="0",="0",="0",="0",="0",="0",="1",="0",="2",="0",="0",="0",="0",="0",="0",="0",="0",="0",="0",="0",="0",="0",="0",="0",="7",="0",="0",="3",="1",="0",="0",="0",="0",="0",="0",="4",="0",="0",="0",="0",="0",="0",="3",="0",="0",="0",="0",="0",="0",="0",="0"
="ORBm1",="0",="1",="0",="0",="0",="0",="0",="0",="0",="0",="0",="0",="0",="0",="0",="0",="0",="0",="0",="0",="0",="2",="0",="0",="0",="0",="0",="0",="0",="0",="0",="0",="0",="0",="0",="0",="0",="0",="0",="0",="0",="0",="0",="0",="0",="0",="0",="0",="2",="2",="0",="0",="0",="0",="0",="2",="0",="0",="0",="0",="0",="0",="0",="0"
="ORBm6a",="0",="0",="0",="0",="0",="0",="0",="0",="0",="0",="0",="0",="0",="0",="0",="0",="0",="0",="0",="0",="0",="0",="0",="0",="0",="0",="0",="0",="0",="0",="0",="0",="0",="0",="0",="0",="0",="0",="0",="0",="0",="0",="0",="0",="0",="0",="0",="0",="0",="0",="0",="0",="0",="0",="0",="0",="0",="0",="0",="0",="0",="0",="0",="0"
="ORBvl1",="0",="2",="0",="0",="0",="0",="0",="0",="0",="0",="0",="0",="0",="0",="0",="0",="0",="0",="0",="0",="0",="0",="0",="0",="0",="0",="0",="0",="0",="0",="0",="0",="0",="0",="0",="0",="0",="0",="0",="0",="14",="1",="0",="0",="0",="8",="0",="0",="32",="69",="0",="0",="0",="0",="0",="28",="0",="0",="0",="0",="0",="0",="0",="0"
="ORBvl2/3",="0",="0",="0",="0",="0",="0",="0",="0",="0",="0",="0",="0",="0",="0",="0",="0",="0",="0",="0",="0",="0",="1",="0",="0",="0",="0",="0",="0",="0",="0",="0",="0",="0",="0",="0",="0",="0",="0",="0",="0",="5",="2",="0",="0",="0",="0",="0",="0",="0",="38",="0",="0",="0",="0",="0",="38",="0",="0",="0",="0",="0",="0",="0",="0"
="ORBvl5",="0",="0",="0",="0",="0",="0",="0",="0",="0",="0",="0",="0",="0",="0",="0",="0",="0",="0",="0",="0",="0",="0",="0",="0",="0",="0",="0",="0",="0",="0",="0",="0",="0",="0",="0",="0",="0",="0",="0",="0",="3",="0",="0",="0",="0",="0",="0",="0",="3",="3",="0",="0",="0",="0",="0",="7",="0",="2",="0",="0",="0",="0",="0",="0"
="RSPd1",="0",="2",="1",="0",="1",="0",="0",="0",="3",="0",="0",="14",="0",="13",="0",="1",="0",="0",="0",="0",="6",="0",="0",="0",="0",="0",="0",="0",="0",="1",="4",="1",="0",="0",="0",="0",="0",="1",="0",="1",="13",="15",="10",="0",="0",="9",="1",="13",="0",="0",="29",="6",="4",="0",="0",="1",="0",="0",="1",="7",="11",="0",="4",="0"
="RSPd2/3",="0",="3",="0",="0",="1",="0",="6",="0",="1",="0",="0",="13",="0",="0",="0",="2",="1",="0",="0",="0",="1",="0",="0",="3",="1",="0",="0",="0",="0",="0",="5",="0",="0",="1",="0",="3",="0",="0",="0",="2",="6",="4",="1",="0",="0",="3",="1",="6",="0",="0",="7",="1",="0",="0",="0",="0",="0",="2",="2",="1",="0",="0",="3",="0"
="RSPd5",="0",="3",="0",="0",="2",="0",="3",="0",="1",="0",="0",="2",="1",="1",="0",="2",="0",="0",="0",="0",="1",="0",="2",="2",="0",="0",="0",="0",="1",="0",="6",="2",="2",="4",="0",="2",="1",="0",="0",="2",="5",="7",="0",="0",="0",="1",="0",="10",="0",="0",="3",="6",="0",="0",="3",="3",="0",="3",="2",="1",="1",="0",="0",="0"
="VISrl1",="0",="2",="5",="19",="4",="0",="7",="2",="0",="0",="1",="0",="0",="0",="0",="4",="0",="14",="0",="8",="1",="0",="30",="0",="2",="2",="0",="0",="0",="0",="0",="0",="0",="3",="4",="0",="10",="0",="0",="4",="0",="0",="3",="0",="0",="0",="1",="6",="1",="0",="3",="0",="20",="0",="0",="0",="0",="0",="2",="0",="0",="0",="10",="0"
="VISrl2/3",="0",="0",="1",="6",="1",="0",="0",="0",="0",="0",="1",="0",="0",="0",="0",="2",="0",="2",="0",="0",="0",="0",="14",="0",="0",="0",="0",="0",="0",="0",="0",="0",="0",="0",="0",="0",="1",="0",="0",="0",="0",="0",="0",="0",="0",="0",="1",="2",="0",="0",="0",="0",="2",="0",="0",="0",="0",="0",="1",="0",="0",="0",="0",="0"
="VISrl4",="0",="5",="3",="1",="0",="0",="0",="0",="0",="0",="0",="1",="0",="0",="0",="0",="0",="4",="0",="3",="1",="0",="1",="0",="0",="0",="0",="0",="0",="0",="0",="0",="0",="6",="0",="0",="0",="0",="0",="0",="0",="0",="0",="0",="0",="0",="0",="2",="0",="0",="0",="0",="5",="0",="0",="0",="0",="0",="1",="0",="0",="0",="0",="0"
="VISrl5",="0",="0",="0",="4",="0",="0",="3",="0",="0",="0",="0",="1",="0",="0",="0",="1",="1",="2",="1",="0",="0",="0",="7",="0",="0",="0",="0",="0",="0",="0",="0",="0",="0",="1",="0",="0",="1",="0",="0",="1",="0",="0",="0",="0",="0",="0",="1",="0",="0",="1",="0",="0",="0",="5",="0",="0",="2",="0",="0",="1",="0",="0",="6",="0"
="fp",="0",="0",="0",="0",="0",="0",="0",="0",="0",="1",="0",="0",="0",="0",="0",="0",="0",="0",="0",="0",="0",="0",="0",="1",="0",="0",="0",="0",="0",="0",="0",="0",="0",="0",="0",="0",="0",="0",="0",="0",="0",="0",="0",="1",="0",="0",="0",="0",="1",="0",="1",="0",="0",="0",="1",="0",="0",="0",="0",="0",="0",="0",="0",="0"
="ccs",="0",="0",="0",="0",="0",="0",="0",="0",="0",="0",="0",="0",="0",="0",="0",="1",="0",="0",="0",="0",="0",="0",="0",="0",="1",="0",="0",="0",="0",="0",="0",="0",="1",="0",="1",="0",="0",="0",="0",="1",="1",="0",="0",="1",="0",="0",="2",="0",="0",="0",="0",="0",="0",="0",="0",="0",="0",="0",="0",="0",="0",="0",="0",="0"
="cing",="0",="1",="0",="0",="3",="0",="1",="0",="0",="1",="1",="4",="1",="0",="1",="0",="1",="0",="0",="0",="1",="1",="0",="0",="1",="0",="0",="0",="1",="0",="0",="1",="0",="0",="0",="0",="0",="0",="0",="1",="4",="6",="2",="0",="0",="0",="0",="0",="2",="1",="4",="0",="2",="0",="8",="7",="16",="0",="3",="1",="6",="0",="0",="0"
="SSp-bfd4",="0",="0",="1",="0",="0",="0",="0",="0",="0",="0",="2",="1",="0",="0",="0",="0",="1",="1",="0",="3",="0",="0",="0",="0",="0",="0",="0",="0",="0",="0",="0",="0",="0",="3",="0",="0",="0",="0",="0",="0",="0",="0",="0",="0",="0",="0",="0",="2",="0",="0",="0",="0",="3",="2",="0",="0",="0",="0",="0",="0",="0",="0",="0",="0"
="MOs5",="0",="0",="1",="3",="2",="0",="0",="0",="0",="0",="0",="0",="6",="0",="6",="0",="10",="0",="1",="5",="15",="0",="0",="0",="0",="0",="0",="11",="0",="0",="0",="0",="0",="0",="0",="0",="0",="0",="0",="0",="6",="0",="2",="0",="0",="0",="0",="3",="5",="0",="0",="8",="3",="0",="0",="1",="0",="0",="3",="0",="1",="0",="0",="0"
="MOs6b",="0",="0",="0",="0",="0",="0",="0",="0",="0",="0",="0",="0",="0",="0",="0",="0",="0",="0",="0",="0",="0",="0",="0",="0",="0",="0",="0",="0",="0",="0",="0",="0",="0",="0",="0",="0",="0",="0",="0",="0",="0",="0",="0",="0",="0",="0",="0",="0",="0",="0",="0",="0",="0",="0",="0",="0",="0",="0",="0",="0",="0",="0",="0",="0"
="VISl6a",="0",="0",="0",="0",="0",="0",="0",="0",="0",="0",="0",="0",="0",="0",="0",="0",="0",="0",="0",="0",="0",="0",="0",="0",="0",="0",="0",="0",="0",="0",="0",="0",="0",="0",="0",="0",="0",="0",="0",="5",="0",="2",="0",="0",="0",="1",="0",="2",="1",="4",="0",="0",="0",="0",="12",="1",="19",="0",="0",="0",="0",="0",="0",="0"
="VISl6b",="0",="0",="0",="0",="0",="0",="0",="0",="0",="0",="0",="0",="0",="0",="0",="0",="0",="0",="0",="0",="0",="0",="0",="0",="0",="0",="0",="0",="0",="0",="0",="0",="0",="0",="0",="0",="0",="0",="0",="0",="0",="1",="0",="0",="0",="0",="0",="0",="0",="0",="0",="0",="0",="0",="1",="0",="0",="0",="0",="0",="0",="0",="0",="0"
="VISpl2/3",="0",="0",="1",="0",="0",="0",="0",="0",="0",="0",="0",="0",="0",="0",="0",="0",="0",="0",="0",="0",="0",="0",="0",="7",="0",="0",="0",="0",="0",="0",="0",="0",="0",="0",="0",="4",="0",="0",="0",="0",="0",="0",="0",="0",="0",="0",="0",="0",="0",="0",="3",="0",="0",="0",="0",="0",="0",="0",="0",="0",="0",="0",="0",="0"
="VISpl4",="0",="0",="0",="0",="0",="0",="0",="0",="0",="0",="0",="0",="0",="0",="0",="0",="0",="0",="0",="0",="0",="0",="0",="0",="0",="0",="0",="0",="0",="0",="0",="0",="0",="0",="0",="0",="0",="0",="0",="0",="0",="0",="0",="0",="0",="0",="0",="0",="0",="0",="0",="0",="0",="0",="0",="0",="0",="0",="0",="0",="0",="0",="0",="0"
="VISpm4",="0",="0",="1",="1",="1",="3",="0",="1",="0",="5",="0",="0",="0",="0",="1",="1",="0",="1",="0",="0",="4",="1",="6",="0",="0",="3",="1",="0",="0",="0",="0",="0",="1",="1",="0",="0",="0",="0",="0",="0",="0",="1",="3",="0",="3",="2",="0",="2",="0",="3",="0",="0",="4",="1",="0",="1",="0",="0",="0",="0",="0",="0",="0",="5"
="VISpor1",="0",="0",="1",="0",="0",="0",="0",="0",="0",="0",="0",="0",="0",="0",="0",="0",="0",="0",="0",="0",="0",="0",="0",="7",="1",="0",="0",="0",="0",="0",="7",="0",="0",="0",="0",="1",="0",="0",="0",="2",="14",="1",="0",="0",="0",="0",="0",="0",="0",="1",="1",="0",="0",="0",="0",="0",="0",="0",="0",="0",="0",="0",="0",="0"
="VISpor2/3",="0",="0",="8",="0",="0",="0",="0",="0",="0",="0",="0",="0",="0",="0",="0",="0",="0",="0",="0",="0",="0",="0",="0",="11",="2",="0",="0",="0",="0",="0",="14",="0",="0",="0",="0",="0",="0",="0",="1",="6",="16",="1",="0",="0",="0",="0",="0",="4",="1",="0",="0",="0",="0",="0",="0",="0",="0",="0",="0",="0",="0",="0",="0",="0"
="VISpor5",="0",="0",="6",="0",="0",="2",="0",="0",="0",="0",="0",="0",="0",="0",="0",="0",="0",="0",="0",="0",="0",="0",="0",="12",="2",="0",="0",="0",="0",="0",="0",="0",="0",="0",="0",="0",="0",="4",="0",="2",="6",="1",="0",="0",="0",="0",="0",="3",="1",="0",="0",="0",="0",="0",="11",="1",="0",="0",="0",="0",="0",="0",="0",="0"
="VISpor6a",="0",="0",="0",="0",="0",="0",="0",="0",="0",="0",="0",="0",="0",="0",="0",="0",="0",="0",="0",="0",="0",="0",="0",="0",="0",="0",="0",="0",="0",="0",="0",="0",="0",="0",="0",="0",="0",="0",="0",="3",="0",="1",="0",="0",="0",="0",="0",="0",="0",="0",="0",="0",="0",="0",="10",="1",="0",="0",="0",="0",="0",="0",="0",="0"
="VISpor6b",="0",="0",="0",="0",="0",="0",="0",="0",="0",="0",="0",="0",="0",="0",="0",="0",="0",="0",="0",="0",="0",="0",="0",="0",="0",="0",="0",="0",="0",="0",="0",="0",="0",="0",="0",="0",="0",="0",="0",="0",="0",="0",="0",="0",="0",="0",="0",="0",="0",="0",="0",="0",="0",="0",="0",="0",="0",="0",="0",="0",="0",="0",="0",="0"
="ACAd6b",="0",="0",="0",="0",="0",="0",="0",="0",="0",="0",="0",="0",="0",="0",="0",="0",="0",="0",="0",="0",="0",="0",="0",="0",="0",="0",="0",="0",="0",="0",="0",="0",="0",="0",="0",="0",="0",="0",="0",="0",="0",="0",="0",="0",="0",="0",="0",="0",="0",="0",="0",="0",="0",="0",="0",="0",="0",="0",="0",="0",="0",="0",="0",="0"
="VISa6b",="0",="0",="1",="0",="0",="0",="0",="0",="0",="0",="0",="0",="0",="0",="0",="0",="0",="0",="0",="1",="0",="0",="0",="0",="0",="0",="0",="0",="0",="0",="0",="0",="0",="0",="0",="0",="0",="0",="0",="0",="0",="0",="0",="0",="0",="0",="0",="0",="0",="0",="1",="2",="0",="0",="0",="0",="2",="0",="2",="0",="0",="0",="0",="0"
="scwm",="0",="0",="0",="0",="0",="0",="0",="0",="0",="0",="0",="0",="0",="0",="0",="0",="1",="0",="1",="0",="0",="0",="0",="0",="0",="0",="0",="0",="0",="0",="0",="0",="0",="0",="0",="0",="0",="0",="0",="1",="0",="1",="0",="0",="0",="0",="0",="1",="0",="0",="1",="0",="0",="0",="1",="0",="8",="0",="0",="1",="0",="0",="0",="0"
="SSp-bfd1",="0",="0",="0",="1",="2",="0",="0",="0",="0",="0",="7",="0",="0",="0",="0",="16",="0",="0",="0",="0",="0",="0",="1",="0",="6",="0",="0",="0",="0",="0",="0",="0",="0",="0",="0",="0",="3",="0",="0",="0",="6",="0",="0",="0",="0",="0",="0",="10",="0",="0",="0",="0",="2",="0",="0",="0",="0",="0",="6",="0",="0",="0",="0",="0"
="SSp-bfd6a",="0",="0",="0",="0",="0",="0",="0",="0",="0",="0",="0",="0",="0",="0",="0",="0",="0",="0",="0",="0",="0",="0",="0",="0",="0",="0",="0",="0",="0",="0",="0",="0",="0",="0",="0",="0",="0",="0",="0",="0",="0",="0",="0",="0",="0",="0",="0",="0",="0",="1",="0",="0",="0",="0",="2",="0",="4",="0",="1",="0",="0",="0",="0",="0"
="SSp-bfd6b",="0",="0",="0",="0",="0",="0",="0",="0",="0",="0",="0",="0",="0",="0",="0",="0",="0",="0",="0",="0",="0",="0",="0",="0",="0",="0",="0",="0",="0",="0",="0",="0",="0",="0",="0",="0",="0",="0",="0",="0",="0",="0",="0",="0",="0",="0",="0",="0",="0",="0",="0",="0",="0",="0",="0",="0",="0",="0",="0",="0",="0",="0",="0",="0"
="VISal5",="0",="0",="0",="2",="0",="1",="0",="0",="0",="0",="0",="3",="0",="0",="0",="0",="2",="2",="4",="0",="0",="0",="13",="0",="0",="0",="0",="0",="0",="0",="0",="0",="0",="4",="0",="0",="1",="0",="0",="0",="0",="0",="0",="0",="0",="0",="1",="1",="0",="0",="0",="0",="0",="3",="0",="2",="1",="0",="0",="0",="0",="0",="3",="0"
="VISl1",="0",="0",="0",="13",="0",="7",="0",="4",="0",="1",="0",="10",="0",="0",="4",="0",="0",="1",="0",="0",="0",="0",="10",="0",="4",="0",="0",="0",="1",="0",="0",="0",="0",="0",="8",="0",="0",="0",="12",="5",="0",="2",="4",="0",="0",="2",="0",="14",="7",="2",="12",="0",="0",="0",="0",="0",="0",="0",="0",="1",="0",="0",="7",="0"
="VISl2/3",="0",="0",="0",="1",="0",="1",="0",="1",="0",="0",="0",="0",="0",="0",="1",="0",="0",="0",="2",="0",="0",="0",="0",="0",="0",="0",="0",="0",="5",="0",="0",="0",="0",="0",="2",="0",="0",="0",="2",="0",="0",="1",="1",="0",="0",="1",="0",="16",="1",="0",="1",="0",="0",="0",="0",="0",="0",="0",="0",="0",="0",="0",="1",="0"
="VISp2/3",="0",="0",="0",="2",="0",="1",="1",="0",="0",="3",="0",="0",="0",="1",="0",="1",="0",="8",="4",="0",="3",="5",="0",="0",="0",="8",="0",="0",="0",="0",="0",="0",="0",="0",="2",="1",="3",="0",="0",="2",="0",="0",="0",="0",="0",="0",="1",="1",="5",="0",="5",="0",="3",="0",="0",="0",="0",="0",="0",="0",="0",="0",="1",="0"
="VISp4",="0",="0",="0",="0",="1",="0",="0",="0",="1",="3",="0",="0",="0",="0",="0",="0",="1",="1",="0",="3",="0",="1",="0",="0",="0",="0",="0",="0",="0",="0",="0",="1",="0",="0",="2",="0",="2",="0",="0",="3",="0",="0",="1",="0",="3",="2",="0",="4",="0",="0",="0",="0",="1",="1",="0",="0",="0",="0",="0",="0",="0",="0",="0",="4"
="VISli1",="0",="0",="0",="1",="0",="0",="0",="0",="0",="0",="0",="8",="0",="0",="4",="1",="1",="13",="0",="0",="0",="0",="0",="0",="0",="0",="0",="0",="0",="0",="0",="0",="0",="0",="2",="0",="0",="0",="0",="0",="0",="0",="1",="0",="0",="0",="2",="2",="6",="3",="8",="0",="0",="0",="0",="0",="0",="0",="0",="0",="0",="3",="1",="0"
="VISrl6a",="0",="0",="0",="0",="0",="0",="0",="0",="0",="0",="0",="0",="0",="0",="0",="0",="1",="0",="0",="0",="0",="0",="0",="0",="0",="0",="0",="0",="0",="0",="0",="0",="0",="0",="0",="0",="0",="0",="0",="0",="0",="0",="0",="0",="0",="0",="1",="0",="0",="1",="0",="0",="0",="0",="1",="0",="7",="0",="3",="0",="0",="0",="0",="0"
="or",="0",="0",="0",="0",="0",="0",="0",="0",="0",="0",="0",="0",="0",="0",="0",="1",="0",="0",="0",="0",="0",="0",="0",="0",="0",="0",="1",="1",="0",="0",="0",="0",="0",="0",="0",="0",="0",="0",="0",="1",="2",="0",="1",="0",="0",="0",="1",="0",="2",="0",="1",="0",="0",="0",="2",="0",="1",="0",="0",="0",="0",="0",="0",="0"
="SSp-ll5",="0",="0",="0",="0",="0",="0",="0",="0",="0",="0",="0",="0",="0",="0",="0",="0",="0",="0",="0",="0",="0",="0",="0",="0",="0",="0",="0",="0",="0",="0",="0",="0",="0",="0",="0",="0",="0",="0",="0",="0",="0",="0",="0",="0",="0",="0",="0",="0",="0",="0",="0",="0",="0",="0",="0",="0",="0",="0",="0",="0",="0",="0",="0",="0"
="SSp-ul5",="0",="0",="0",="0",="0",="0",="0",="0",="0",="0",="2",="0",="0",="0",="0",="0",="0",="0",="0",="0",="0",="0",="0",="0",="0",="0",="0",="0",="0",="0",="0",="0",="0",="0",="0",="0",="0",="0",="0",="0",="0",="0",="0",="0",="0",="0",="0",="0",="0",="0",="0",="1",="0",="0",="0",="0",="0",="0",="0",="0",="0",="0",="0",="0"
="SSp-ul6a",="0",="0",="0",="0",="0",="0",="0",="0",="0",="0",="0",="0",="0",="0",="0",="0",="0",="0",="0",="0",="0",="0",="0",="0",="0",="0",="0",="0",="0",="0",="0",="0",="0",="0",="0",="0",="0",="0",="0",="0",="0",="0",="0",="0",="0",="0",="0",="0",="0",="0",="0",="0",="0",="0",="0",="0",="0",="0",="2",="0",="0",="0",="0",="0"
="SSp-tr5",="0",="0",="0",="0",="0",="0",="0",="0",="0",="0",="1",="0",="0",="0",="0",="0",="0",="2",="0",="0",="0",="0",="0",="0",="0",="1",="0",="0",="0",="1",="0",="1",="0",="0",="0",="0",="0",="0",="0",="0",="0",="0",="0",="0",="0",="0",="0",="0",="0",="0",="0",="1",="0",="0",="0",="0",="0",="0",="0",="0",="0",="0",="2",="0"
="MOp6b",="0",="0",="0",="0",="0",="0",="0",="0",="0",="0",="0",="0",="0",="0",="0",="0",="0",="0",="0",="0",="0",="0",="0",="0",="0",="0",="0",="0",="0",="0",="0",="0",="0",="0",="0",="0",="0",="0",="0",="0",="0",="0",="0",="0",="0",="0",="0",="0",="0",="0",="0",="0",="0",="0",="0",="0",="0",="0",="0",="0",="0",="0",="0",="0"
="RSPagl6b",="0",="0",="0",="0",="0",="0",="0",="0",="0",="0",="0",="0",="0",="0",="0",="0",="0",="0",="0",="0",="0",="0",="0",="0",="0",="0",="0",="0",="0",="0",="0",="0",="0",="0",="0",="0",="0",="0",="0",="0",="0",="0",="0",="0",="0",="0",="0",="0",="0",="0",="0",="0",="0",="0",="0",="0",="0",="0",="0",="1",="2",="0",="0",="0"
="RSPv5",="0",="0",="0",="0",="3",="0",="1",="0",="0",="0",="0",="0",="0",="0",="0",="0",="0",="0",="0",="0",="0",="0",="2",="0",="0",="0",="0",="0",="0",="0",="0",="1",="0",="0",="0",="0",="0",="0",="0",="14",="1",="10",="0",="0",="0",="0",="7",="14",="3",="23",="7",="26",="0",="0",="0",="14",="0",="11",="0",="0",="0",="0",="1",="0"
="RSPv6a",="0",="0",="0",="0",="2",="0",="0",="0",="0",="0",="0",="0",="0",="0",="0",="0",="0",="0",="0",="0",="0",="0",="0",="0",="0",="0",="0",="0",="0",="0",="0",="0",="0",="0",="0",="1",="0",="0",="0",="11",="0",="9",="0",="0",="0",="0",="6",="46",="1",="35",="1",="9",="0",="0",="7",="23",="1",="2",="0",="0",="1",="0",="0",="0"
="RSPv6b",="0",="0",="0",="0",="0",="0",="0",="0",="0",="0",="0",="0",="0",="0",="0",="0",="0",="0",="0",="0",="0",="0",="0",="0",="0",="0",="0",="0",="0",="0",="0",="0",="0",="0",="0",="0",="0",="0",="0",="1",="0",="0",="0",="0",="0",="0",="0",="1",="1",="0",="0",="0",="0",="0",="3",="1",="0",="0",="0",="0",="0",="0",="0",="0"
="VISl4",="0",="0",="0",="0",="0",="0",="0",="0",="0",="0",="0",="0",="0",="0",="0",="0",="0",="0",="0",="0",="0",="0",="0",="0",="0",="0",="0",="0",="0",="0",="0",="0",="0",="0",="0",="0",="0",="0",="0",="0",="0",="1",="2",="0",="0",="4",="0",="0",="0",="0",="0",="0",="0",="0",="0",="0",="0",="0",="0",="0",="0",="0",="3",="0"
="VISl5",="0",="0",="0",="0",="0",="1",="0",="0",="0",="0",="0",="0",="0",="0",="0",="0",="0",="0",="0",="0",="0",="0",="8",="1",="1",="0",="0",="0",="1",="0",="0",="0",="0",="0",="0",="0",="0",="0",="0",="0",="0",="2",="0",="0",="0",="0",="0",="7",="0",="5",="0",="0",="0",="1",="3",="3",="11",="0",="0",="0",="0",="1",="3",="0"
="RSPd6b",="0",="0",="0",="0",="0",="0",="0",="0",="0",="0",="0",="0",="0",="0",="0",="0",="0",="0",="0",="0",="0",="0",="0",="0",="0",="0",="0",="0",="0",="0",="0",="0",="0",="0",="0",="0",="0",="0",="0",="1",="0",="0",="0",="0",="0",="0",="0",="0",="0",="0",="0",="0",="0",="0",="0",="1",="0",="0",="0",="0",="0",="0",="0",="0"
="VISli5",="0",="0",="0",="0",="0",="0",="0",="1",="0",="0",="0",="0",="0",="0",="0",="0",="0",="0",="0",="0",="0",="0",="0",="0",="0",="0",="0",="0",="1",="0",="0",="0",="0",="0",="0",="0",="1",="2",="0",="0",="0",="0",="0",="0",="0",="0",="0",="1",="1",="2",="0",="0",="0",="0",="0",="1",="2",="0",="0",="0",="0",="0",="0",="0"
="CP",="0",="0",="0",="0",="0",="0",="0",="9",="3",="0",="0",="0",="0",="0",="0",="0",="0",="0",="0",="0",="0",="0",="0",="0",="0",="0",="34",="0",="33",="0",="0",="0",="0",="0",="0",="0",="0",="25",="0",="0",="88",="20",="24",="0",="85",="146",="0",="6",="43",="64",="19",="0",="73",="0",="0",="11",="0",="0",="0",="0",="0",="0",="119",="0"
="ccg",="0",="0",="0",="0",="0",="0",="0",="0",="0",="0",="0",="0",="0",="0",="0",="0",="0",="0",="0",="0",="0",="0",="0",="0",="0",="0",="0",="0",="0",="0",="0",="0",="0",="0",="0",="0",="0",="0",="0",="0",="0",="0",="0",="0",="0",="1",="0",="0",="0",="0",="0",="0",="0",="0",="0",="0",="0",="0",="0",="0",="0",="0",="0",="0"
="ccb",="0",="0",="0",="0",="0",="0",="0",="1",="0",="0",="0",="0",="0",="0",="0",="0",="0",="0",="0",="0",="0",="0",="0",="0",="1",="0",="0",="0",="0",="0",="0",="0",="0",="0",="0",="0",="0",="0",="0",="0",="0",="0",="0",="0",="1",="0",="0",="0",="0",="1",="0",="0",="0",="0",="0",="0",="0",="0",="0",="0",="0",="0",="0",="0"
="SSp-tr6b",="0",="0",="0",="0",="0",="0",="0",="0",="0",="0",="0",="0",="0",="0",="0",="0",="0",="0",="0",="0",="0",="0",="0",="0",="0",="0",="0",="0",="0",="0",="0",="0",="0",="0",="0",="0",="0",="0",="0",="0",="0",="0",="0",="0",="0",="0",="0",="0",="0",="0",="0",="0",="0",="0",="0",="0",="0",="0",="0",="0",="0",="0",="0",="0"
="SSp-un6a",="0",="0",="0",="0",="0",="0",="0",="0",="0",="0",="0",="0",="0",="0",="0",="0",="0",="0",="0",="0",="0",="0",="0",="0",="0",="0",="0",="0",="0",="0",="0",="0",="0",="0",="0",="0",="0",="0",="0",="0",="0",="0",="0",="0",="0",="0",="0",="0",="0",="0",="0",="0",="0",="0",="0",="0",="0",="0",="0",="0",="0",="0",="0",="0"
="SSp-un6b",="0",="0",="0",="0",="0",="0",="0",="0",="0",="0",="0",="0",="0",="0",="0",="0",="0",="0",="0",="0",="0",="0",="0",="0",="0",="0",="0",="0",="0",="0",="0",="0",="0",="0",="0",="0",="0",="0",="0",="0",="0",="0",="0",="0",="0",="0",="0",="0",="0",="0",="0",="0",="0",="0",="0",="0",="0",="0",="0",="0",="0",="0",="0",="0"
="RSPv1",="0",="0",="0",="0",="0",="0",="0",="0",="1",="0",="0",="1",="0",="0",="0",="1",="0",="0",="0",="0",="0",="0",="0",="5",="0",="0",="0",="0",="0",="0",="0",="0",="0",="0",="0",="0",="0",="0",="0",="0",="4",="14",="0",="0",="4",="0",="3",="35",="0",="0",="1",="6",="1",="0",="0",="3",="0",="2",="1",="8",="5",="0",="1",="0"
="RSPv2/3",="0",="0",="0",="0",="0",="0",="0",="0",="0",="0",="0",="2",="0",="0",="0",="0",="0",="0",="0",="0",="0",="0",="1",="1",="0",="0",="0",="0",="0",="0",="0",="0",="0",="0",="0",="0",="0",="0",="0",="2",="0",="1",="0",="0",="2",="0",="4",="0",="0",="1",="0",="18",="0",="0",="0",="2",="0",="2",="0",="0",="0",="0",="0",="0"
="ACAv6a",="0",="0",="0",="0",="0",="0",="0",="0",="0",="0",="0",="0",="0",="0",="0",="0",="0",="0",="0",="0",="0",="0",="0",="0",="0",="0",="0",="0",="0",="0",="0",="0",="0",="0",="0",="0",="0",="0",="0",="0",="2",="0",="0",="0",="0",="0",="5",="0",="8",="0",="0",="1",="0",="0",="0",="4",="0",="0",="0",="0",="0",="0",="0",="0"
="APr",="0",="0",="0",="0",="0",="0",="0",="0",="0",="1",="0",="0",="0",="0",="0",="0",="0",="0",="0",="0",="0",="0",="7",="0",="0",="0",="0",="0",="0",="0",="0",="0",="0",="0",="0",="0",="0",="0",="0",="10",="0",="2",="0",="0",="4",="0",="0",="0",="0",="0",="0",="0",="0",="0",="0",="0",="0",="0",="0",="2",="0",="0",="0",="0"
="SSp-bfd2/3",="0",="0",="0",="0",="0",="0",="0",="0",="0",="0",="0",="0",="0",="0",="0",="1",="0",="0",="0",="0",="0",="0",="3",="0",="0",="0",="0",="0",="0",="0",="0",="0",="0",="0",="0",="0",="0",="0",="0",="0",="0",="0",="0",="0",="0",="0",="0",="2",="0",="0",="1",="0",="0",="0",="0",="0",="0",="0",="3",="0",="0",="0",="0",="0"
="SSp-bfd5",="0",="0",="0",="0",="0",="0",="0",="0",="0",="0",="0",="1",="0",="0",="0",="0",="0",="0",="0",="0",="0",="0",="5",="0",="0",="0",="0",="0",="0",="0",="0",="0",="0",="1",="0",="0",="0",="0",="0",="0",="0",="0",="0",="0",="0",="0",="0",="0",="0",="0",="0",="0",="0",="0",="0",="0",="0",="0",="0",="0",="0",="1",="0",="0"
="SSp-ul1",="0",="0",="0",="0",="0",="0",="0",="0",="0",="0",="1",="0",="0",="0",="0",="0",="0",="0",="0",="0",="0",="0",="0",="0",="0",="0",="0",="0",="0",="0",="0",="0",="0",="0",="0",="0",="0",="0",="0",="0",="0",="0",="0",="0",="0",="0",="0",="0",="0",="0",="0",="0",="0",="0",="0",="0",="0",="0",="1",="0",="0",="0",="0",="0"
="SSp-ul4",="0",="0",="0",="0",="0",="0",="0",="0",="0",="0",="0",="0",="0",="0",="0",="0",="0",="0",="0",="0",="2",="0",="0",="0",="0",="0",="0",="0",="0",="0",="0",="0",="0",="0",="0",="0",="0",="0",="0",="0",="0",="0",="0",="0",="0",="0",="0",="0",="0",="0",="0",="0",="0",="0",="0",="0",="0",="0",="0",="0",="0",="0",="0",="0"
="SSp-tr1",="0",="0",="0",="0",="0",="0",="0",="0",="0",="0",="1",="0",="0",="0",="0",="0",="0",="1",="0",="0",="0",="0",="0",="0",="0",="0",="0",="1",="0",="1",="0",="0",="0",="0",="0",="0",="0",="0",="0",="0",="0",="0",="0",="0",="0",="0",="0",="0",="0",="0",="8",="0",="1",="0",="0",="0",="0",="0",="4",="0",="0",="0",="0",="0"
="SSp-tr4",="0",="0",="0",="0",="0",="0",="0",="0",="0",="0",="5",="0",="0",="0",="0",="0",="0",="1",="0",="0",="0",="0",="0",="0",="0",="0",="0",="0",="0",="2",="0",="0",="0",="0",="0",="0",="0",="0",="0",="0",="2",="0",="0",="0",="0",="0",="0",="0",="0",="0",="0",="1",="0",="0",="0",="0",="0",="0",="0",="0",="0",="0",="0",="0"
="SSp-un1",="0",="0",="0",="0",="0",="0",="0",="0",="0",="0",="1",="0",="0",="0",="0",="0",="0",="0",="0",="0",="0",="0",="0",="0",="0",="0",="0",="0",="0",="0",="0",="0",="0",="0",="0",="0",="0",="0",="0",="0",="0",="0",="0",="0",="0",="0",="0",="0",="0",="0",="0",="0",="0",="0",="0",="0",="0",="0",="0",="0",="0",="0",="0",="0"
="SSp-un2/3",="0",="0",="0",="0",="0",="0",="0",="0",="0",="0",="0",="0",="0",="0",="0",="0",="0",="0",="0",="0",="0",="0",="0",="0",="0",="0",="0",="0",="0",="0",="0",="0",="0",="0",="0",="0",="0",="0",="0",="0",="0",="0",="0",="0",="0",="0",="0",="0",="0",="0",="0",="0",="0",="0",="0",="0",="0",="0",="0",="0",="0",="0",="0",="0"
="SSp-un4",="0",="0",="0",="0",="0",="0",="0",="0",="0",="0",="0",="0",="0",="0",="0",="0",="0",="0",="0",="0",="0",="0",="0",="0",="0",="0",="0",="0",="0",="0",="0",="0",="0",="0",="0",="0",="0",="0",="0",="0",="0",="0",="0",="0",="0",="0",="0",="0",="0",="0",="0",="0",="0",="0",="0",="0",="0",="0",="0",="0",="0",="0",="0",="0"
="SSp-un5",="0",="0",="0",="0",="0",="0",="0",="0",="0",="0",="1",="0",="0",="0",="0",="0",="0",="0",="0",="0",="0",="0",="0",="0",="0",="0",="0",="0",="0",="0",="0",="0",="0",="0",="0",="0",="0",="0",="0",="0",="0",="0",="0",="0",="0",="0",="0",="0",="0",="0",="0",="0",="0",="0",="0",="0",="0",="0",="0",="0",="0",="0",="0",="0"
="SSs2/3",="0",="0",="0",="0",="0",="0",="0",="0",="0",="0",="0",="0",="0",="0",="0",="0",="0",="0",="0",="0",="0",="0",="0",="0",="0",="0",="0",="0",="0",="0",="0",="0",="0",="0",="0",="0",="0",="0",="0",="0",="0",="0",="0",="0",="0",="0",="2",="0",="0",="0",="0",="0",="0",="0",="0",="0",="0",="0",="0",="0",="0",="0",="0",="0"
="SSs4",="0",="0",="0",="0",="0",="0",="0",="0",="0",="0",="2",="0",="0",="0",="0",="0",="0",="0",="0",="0",="0",="0",="0",="0",="0",="0",="0",="0",="0",="0",="0",="0",="0",="1",="0",="0",="0",="0",="0",="0",="0",="0",="0",="0",="0",="0",="0",="0",="0",="0",="0",="0",="0",="0",="0",="0",="0",="0",="1",="0",="0",="0",="0",="0"
="SSs5",="0",="0",="0",="0",="0",="0",="0",="0",="0",="0",="0",="0",="0",="0",="0",="0",="0",="0",="0",="0",="0",="0",="1",="0",="0",="0",="0",="0",="0",="0",="0",="0",="0",="0",="0",="0",="0",="0",="0",="0",="0",="0",="0",="0",="0",="0",="0",="0",="0",="0",="0",="0",="0",="0",="0",="0",="0",="0",="1",="0",="0",="3",="0",="0"
="SSs6a",="0",="0",="0",="0",="0",="0",="0",="0",="0",="0",="0",="0",="0",="0",="0",="0",="0",="0",="0",="0",="0",="0",="0",="0",="0",="0",="0",="0",="0",="0",="0",="0",="0",="0",="0",="1",="0",="0",="0",="0",="0",="0",="0",="0",="0",="0",="0",="0",="0",="0",="1",="0",="0",="0",="0",="0",="0",="0",="0",="0",="0",="0",="0",="0"
="SSs6b",="0",="0",="0",="0",="0",="0",="0",="0",="0",="0",="0",="0",="0",="0",="0",="0",="0",="0",="0",="0",="0",="0",="0",="0",="0",="0",="0",="0",="0",="0",="0",="0",="0",="0",="0",="0",="0",="0",="0",="0",="0",="0",="0",="0",="0",="0",="0",="0",="0",="0",="0",="0",="0",="0",="0",="0",="0",="0",="0",="0",="0",="0",="0",="0"
="AUDd1",="0",="0",="0",="0",="0",="0",="0",="0",="0",="0",="6",="0",="0",="0",="0",="0",="0",="0",="0",="0",="0",="0",="0",="0",="0",="0",="0",="0",="0",="0",="0",="0",="0",="0",="0",="0",="0",="0",="0",="0",="0",="0",="0",="0",="0",="0",="3",="0",="4",="0",="0",="0",="0",="0",="0",="0",="0",="0",="0",="0",="0",="0",="0",="0"
="AUDd2/3",="0",="0",="0",="0",="0",="0",="0",="0",="0",="0",="0",="0",="0",="0",="0",="1",="0",="0",="0",="0",="0",="0",="0",="0",="0",="0",="0",="0",="0",="0",="0",="0",="0",="0",="0",="0",="0",="0",="0",="0",="0",="0",="0",="0",="0",="0",="0",="1",="1",="0",="0",="0",="0",="0",="0",="0",="0",="0",="0",="0",="0",="0",="0",="0"
="AUDd4",="0",="0",="0",="0",="0",="0",="0",="0",="0",="0",="4",="0",="0",="0",="0",="0",="0",="0",="0",="0",="0",="0",="0",="0",="0",="0",="0",="0",="0",="0",="0",="0",="0",="0",="0",="0",="0",="0",="0",="0",="0",="0",="0",="0",="0",="0",="0",="0",="0",="0",="0",="0",="0",="0",="0",="0",="0",="0",="2",="0",="0",="1",="0",="0"
="AUDd5",="0",="0",="0",="0",="0",="0",="0",="0",="0",="0",="6",="0",="0",="0",="0",="0",="0",="0",="0",="0",="0",="0",="0",="0",="0",="0",="0",="0",="0",="0",="0",="0",="0",="0",="0",="0",="1",="0",="0",="0",="0",="0",="0",="0",="0",="0",="0",="0",="1",="0",="0",="0",="0",="0",="0",="0",="0",="0",="0",="0",="0",="3",="0",="0"
="AUDd6a",="0",="0",="0",="0",="0",="0",="0",="0",="0",="0",="0",="0",="0",="0",="0",="0",="0",="0",="0",="0",="0",="0",="0",="0",="0",="0",="0",="0",="0",="0",="0",="0",="0",="0",="0",="0",="0",="0",="0",="0",="0",="0",="0",="0",="0",="0",="0",="0",="2",="0",="0",="0",="0",="0",="0",="0",="0",="0",="0",="0",="0",="0",="0",="0"
="AUDp1",="0",="0",="0",="0",="0",="0",="0",="0",="0",="0",="4",="0",="0",="0",="0",="0",="0",="1",="0",="0",="0",="0",="0",="0",="0",="0",="0",="0",="0",="0",="0",="0",="0",="0",="0",="0",="0",="0",="0",="0",="0",="0",="0",="0",="0",="0",="4",="0",="6",="0",="0",="0",="0",="0",="0",="0",="0",="0",="0",="1",="0",="0",="0",="0"
="AUDp2/3",="0",="0",="0",="0",="0",="0",="0",="0",="0",="0",="3",="0",="0",="0",="0",="0",="0",="0",="0",="0",="0",="0",="0",="0",="0",="0",="0",="0",="0",="0",="0",="0",="0",="0",="0",="0",="0",="0",="0",="0",="0",="0",="0",="0",="0",="0",="0",="0",="1",="0",="0",="0",="0",="0",="0",="0",="0",="0",="0",="0",="0",="0",="0",="0"
="AUDp4",="0",="0",="0",="0",="0",="0",="0",="0",="0",="0",="0",="0",="0",="0",="0",="0",="0",="0",="0",="0",="0",="0",="0",="0",="0",="0",="0",="0",="0",="0",="0",="0",="0",="0",="0",="0",="0",="0",="0",="0",="0",="1",="0",="0",="0",="0",="0",="0",="0",="0",="0",="0",="0",="0",="0",="0",="0",="0",="0",="0",="0",="0",="0",="0"
="AUDp5",="0",="0",="0",="0",="0",="0",="0",="0",="0",="0",="2",="0",="0",="0",="0",="0",="0",="0",="0",="0",="0",="0",="0",="0",="0",="0",="0",="0",="0",="0",="0",="0",="0",="0",="0",="0",="0",="0",="0",="0",="0",="0",="0",="0",="0",="0",="0",="0",="3",="0",="2",="0",="0",="0",="0",="0",="0",="0",="0",="0",="0",="0",="0",="0"
="AUDv1",="0",="0",="0",="0",="0",="0",="0",="0",="0",="0",="2",="0",="0",="0",="0",="0",="0",="0",="0",="0",="0",="0",="0",="0",="0",="0",="0",="0",="0",="0",="0",="0",="0",="0",="0",="0",="0",="0",="0",="0",="0",="0",="0",="0",="0",="0",="0",="0",="0",="0",="0",="0",="0",="0",="0",="0",="0",="0",="0",="0",="0",="0",="0",="0"
="AUDv2/3",="0",="0",="0",="0",="0",="0",="0",="0",="0",="0",="2",="0",="0",="0",="0",="0",="0",="0",="0",="0",="0",="0",="0",="0",="0",="0",="0",="0",="0",="0",="0",="0",="0",="0",="0",="0",="0",="0",="0",="0",="0",="0",="0",="0",="0",="0",="0",="0",="0",="0",="0",="0",="0",="0",="0",="0",="0",="0",="0",="0",="0",="0",="0",="0"
="VISrl6b",="0",="0",="0",="0",="0",="0",="0",="0",="0",="0",="0",="0",="0",="0",="0",="0",="1",="0",="0",="0",="0",="0",="0",="0",="0",="0",="0",="0",="0",="0",="0",="0",="0",="0",="0",="0",="0",="0",="0",="0",="0",="0",="0",="0",="0",="0",="0",="0",="0",="0",="1",="0",="0",="0",="0",="0",="0",="0",="0",="0",="0",="0",="0",="0"
="AUDpo1",="0",="0",="0",="0",="0",="0",="0",="0",="0",="0",="0",="2",="0",="0",="0",="1",="0",="6",="0",="0",="0",="0",="0",="0",="0",="0",="0",="0",="0",="0",="0",="0",="0",="0",="0",="0",="0",="0",="0",="0",="0",="0",="0",="0",="0",="0",="1",="0",="6",="0",="0",="0",="0",="0",="0",="0",="0",="0",="0",="1",="0",="0",="0",="0"
="VISli2/3",="0",="0",="0",="0",="0",="0",="0",="0",="0",="0",="0",="0",="0",="0",="2",="0",="0",="3",="0",="0",="0",="0",="0",="0",="0",="0",="0",="0",="0",="0",="0",="0",="0",="0",="0",="0",="3",="1",="1",="0",="0",="0",="0",="0",="0",="0",="0",="3",="0",="5",="0",="0",="0",="0",="0",="0",="0",="0",="0",="0",="0",="0",="0",="0"
="TEa1",="0",="0",="0",="0",="0",="0",="0",="0",="0",="0",="0",="1",="0",="0",="1",="0",="2",="17",="0",="0",="0",="0",="0",="0",="0",="0",="0",="0",="0",="0",="0",="0",="0",="0",="0",="1",="0",="0",="0",="0",="0",="2",="4",="0",="0",="0",="3",="3",="9",="1",="0",="0",="0",="0",="0",="0",="0",="0",="1",="0",="0",="0",="0",="0"
="MOp1",="0",="0",="0",="0",="0",="0",="0",="0",="0",="0",="0",="0",="0",="1",="0",="0",="0",="0",="0",="0",="0",="0",="0",="0",="0",="0",="0",="0",="0",="0",="0",="0",="0",="0",="0",="0",="0",="0",="0",="0",="0",="0",="0",="0",="0",="0",="0",="0",="0",="0",="0",="0",="0",="0",="0",="0",="0",="0",="0",="0",="0",="0",="0",="0"
="MOp5",="0",="0",="0",="0",="0",="0",="0",="0",="0",="0",="0",="0",="0",="0",="0",="0",="0",="0",="0",="0",="0",="0",="0",="0",="0",="0",="0",="0",="0",="0",="0",="0",="0",="0",="0",="0",="0",="0",="0",="0",="0",="0",="0",="0",="0",="0",="0",="0",="0",="0",="0",="0",="0",="0",="0",="0",="0",="0",="0",="0",="0",="0",="0",="0"
="VISli4",="0",="0",="0",="0",="0",="0",="0",="0",="0",="0",="0",="0",="0",="0",="0",="1",="0",="0",="0",="0",="0",="0",="0",="0",="0",="0",="0",="0",="0",="0",="0",="0",="0",="0",="0",="0",="1",="0",="0",="0",="0",="0",="0",="0",="0",="1",="0",="1",="1",="2",="0",="0",="0",="0",="0",="0",="0",="0",="0",="0",="0",="0",="0",="0"
="ACAv6b",="0",="0",="0",="0",="0",="0",="0",="0",="0",="0",="0",="0",="0",="0",="0",="0",="0",="0",="0",="0",="0",="0",="0",="0",="0",="0",="0",="0",="0",="0",="0",="0",="0",="0",="0",="0",="0",="0",="0",="0",="0",="0",="0",="0",="0",="0",="0",="0",="0",="0",="0",="1",="0",="0",="0",="0",="0",="0",="0",="0",="0",="0",="0",="0"
="ILA5",="0",="0",="0",="0",="0",="0",="0",="0",="0",="0",="0",="0",="0",="0",="0",="3",="0",="0",="0",="7",="0",="8",="0",="0",="0",="0",="0",="0",="0",="0",="0",="0",="0",="0",="0",="0",="0",="0",="0",="0",="0",="0",="0",="0",="0",="0",="0",="0",="0",="0",="0",="0",="0",="0",="0",="0",="0",="0",="0",="0",="0",="0",="0",="0"
="ILA6a",="0",="0",="0",="0",="0",="0",="0",="0",="0",="0",="0",="0",="0",="0",="0",="1",="0",="0",="0",="0",="0",="2",="0",="0",="0",="0",="0",="0",="0",="0",="0",="0",="0",="0",="0",="0",="0",="0",="0",="0",="0",="0",="0",="0",="0",="0",="0",="0",="0",="0",="0",="0",="0",="0",="0",="0",="0",="0",="0",="0",="0",="0",="0",="0"
="LSr",="0",="0",="0",="0",="0",="0",="0",="0",="0",="0",="0",="0",="0",="0",="0",="0",="0",="0",="0",="0",="0",="1",="0",="0",="0",="0",="0",="0",="0",="0",="0",="0",="0",="0",="0",="0",="0",="0",="0",="0",="0",="0",="0",="0",="0",="0",="0",="0",="0",="0",="0",="0",="0",="0",="0",="0",="0",="0",="0",="0",="0",="0",="0",="0"
="MOp2/3",="0",="0",="0",="0",="0",="0",="0",="0",="0",="0",="0",="0",="0",="0",="0",="0",="3",="0",="0",="0",="0",="0",="0",="0",="0",="0",="0",="0",="0",="0",="0",="0",="0",="0",="0",="0",="0",="0",="0",="0",="0",="0",="0",="0",="0",="0",="0",="0",="0",="0",="0",="0",="0",="0",="0",="0",="0",="0",="0",="0",="0",="0",="0",="0"
="AUDp6a",="0",="0",="0",="0",="0",="0",="0",="0",="0",="0",="0",="0",="0",="0",="0",="0",="0",="0",="0",="0",="0",="0",="0",="0",="0",="0",="0",="0",="0",="0",="0",="0",="0",="0",="0",="0",="0",="0",="0",="0",="0",="0",="0",="0",="0",="0",="0",="0",="5",="0",="0",="0",="0",="0",="0",="0",="0",="0",="0",="0",="0",="0",="0",="0"
="AUDp6b",="0",="0",="0",="0",="0",="0",="0",="0",="0",="0",="0",="0",="0",="0",="0",="0",="1",="0",="0",="0",="0",="0",="0",="0",="0",="0",="0",="0",="0",="0",="0",="0",="0",="0",="0",="0",="0",="0",="0",="0",="0",="0",="0",="0",="0",="0",="0",="0",="0",="0",="0",="0",="0",="0",="1",="0",="0",="0",="0",="0",="0",="0",="0",="0"
="AUDpo2/3",="0",="0",="0",="0",="0",="0",="0",="0",="0",="0",="0",="0",="0",="0",="0",="0",="1",="0",="0",="0",="0",="0",="0",="0",="0",="0",="0",="0",="0",="0",="0",="0",="0",="1",="0",="0",="0",="0",="0",="0",="0",="0",="0",="0",="0",="0",="0",="1",="2",="0",="0",="0",="0",="0",="0",="0",="0",="0",="1",="0",="0",="0",="0",="0"
="AUDpo4",="0",="0",="0",="0",="0",="0",="0",="0",="0",="0",="0",="0",="0",="0",="0",="0",="0",="0",="0",="0",="0",="0",="0",="0",="0",="0",="0",="0",="0",="0",="0",="0",="0",="0",="0",="0",="0",="1",="0",="0",="0",="0",="0",="0",="0",="0",="0",="0",="0",="0",="0",="0",="0",="0",="0",="0",="0",="0",="0",="0",="0",="0",="0",="0"
="AUDpo5",="0",="0",="0",="0",="0",="0",="0",="0",="0",="0",="0",="0",="0",="0",="0",="0",="0",="1",="0",="0",="0",="0",="0",="0",="0",="0",="0",="0",="0",="0",="0",="0",="0",="0",="0",="0",="0",="0",="0",="0",="0",="0",="0",="0",="0",="0",="1",="1",="2",="0",="0",="0",="0",="0",="0",="2",="0",="0",="0",="0",="0",="0",="0",="0"
="AUDpo6a",="0",="0",="0",="0",="0",="0",="0",="0",="0",="0",="0",="0",="0",="0",="0",="0",="0",="0",="0",="0",="0",="0",="0",="0",="0",="0",="0",="0",="0",="0",="0",="0",="0",="0",="0",="0",="0",="0",="0",="0",="0",="0",="0",="0",="0",="0",="0",="0",="1",="0",="0",="0",="0",="0",="6",="0",="0",="0",="0",="0",="0",="0",="0",="0"
="VISal6a",="0",="0",="0",="0",="0",="0",="0",="0",="0",="0",="0",="0",="0",="0",="0",="0",="0",="0",="0",="0",="0",="0",="0",="0",="0",="0",="0",="0",="0",="0",="0",="0",="0",="0",="0",="0",="0",="0",="0",="0",="0",="0",="0",="0",="0",="0",="0",="0",="0",="0",="1",="0",="0",="0",="0",="0",="2",="0",="0",="0",="0",="0",="0",="0"
="TEa2/3",="0",="0",="0",="0",="0",="0",="0",="0",="0",="0",="0",="0",="0",="0",="0",="0",="0",="16",="0",="0",="0",="0",="0",="0",="0",="0",="0",="0",="0",="0",="0",="0",="0",="0",="0",="0",="4",="0",="0",="0",="0",="2",="0",="0",="0",="0",="4",="1",="6",="2",="0",="0",="0",="0",="0",="0",="0",="0",="0",="0",="0",="0",="0",="0"
="TEa4",="0",="0",="0",="0",="0",="0",="0",="0",="0",="0",="0",="0",="0",="0",="0",="0",="0",="4",="0",="0",="0",="0",="0",="0",="0",="0",="0",="0",="0",="0",="0",="0",="0",="0",="0",="0",="1",="1",="0",="0",="0",="0",="0",="0",="0",="0",="1",="0",="2",="1",="0",="0",="0",="0",="0",="0",="0",="0",="0",="0",="0",="0",="0",="0"
="TEa5",="0",="0",="0",="0",="0",="0",="0",="0",="0",="0",="0",="0",="0",="0",="0",="0",="1",="0",="0",="0",="0",="0",="0",="0",="0",="0",="0",="0",="0",="0",="0",="0",="0",="2",="0",="2",="0",="1",="2",="0",="0",="0",="0",="0",="0",="0",="1",="1",="4",="0",="1",="0",="0",="0",="19",="0",="0",="0",="0",="0",="0",="0",="0",="0"
="SSp-ll2/3",="0",="0",="0",="0",="0",="0",="0",="0",="0",="0",="0",="0",="0",="0",="0",="0",="0",="0",="0",="0",="0",="0",="0",="0",="0",="0",="0",="0",="0",="0",="0",="0",="0",="0",="0",="0",="0",="0",="0",="0",="0",="0",="0",="0",="0",="0",="0",="0",="0",="0",="1",="0",="0",="0",="0",="0",="0",="0",="0",="0",="0",="0",="0",="0"
="SSp-ll4",="0",="0",="0",="0",="0",="0",="0",="0",="0",="0",="0",="0",="0",="0",="0",="0",="0",="1",="0",="0",="0",="0",="0",="0",="0",="0",="0",="0",="0",="0",="0",="0",="0",="0",="0",="0",="0",="0",="0",="0",="0",="0",="0",="0",="0",="0",="0",="0",="0",="0",="0",="0",="0",="0",="0",="0",="0",="0",="0",="0",="0",="0",="0",="0"
="SSp-ul2/3",="0",="0",="0",="0",="0",="0",="0",="0",="0",="0",="0",="0",="0",="0",="0",="0",="0",="1",="0",="0",="0",="0",="0",="0",="0",="0",="0",="0",="0",="0",="0",="0",="0",="0",="0",="0",="0",="0",="0",="0",="0",="0",="0",="0",="0",="0",="0",="0",="0",="0",="0",="0",="0",="0",="0",="0",="0",="0",="0",="0",="0",="0",="0",="0"
="AUDd6b",="0",="0",="0",="0",="0",="0",="0",="0",="0",="0",="0",="0",="0",="0",="0",="0",="0",="0",="0",="0",="0",="0",="0",="0",="0",="0",="0",="0",="0",="0",="0",="0",="0",="0",="0",="0",="0",="0",="0",="0",="0",="0",="0",="0",="0",="0",="0",="0",="0",="0",="0",="0",="0",="0",="0",="0",="0",="0",="0",="0",="0",="0",="0",="0"
="ILA1",="0",="0",="0",="0",="0",="0",="0",="0",="0",="0",="0",="0",="0",="0",="0",="0",="0",="0",="0",="2",="0",="1",="0",="0",="0",="0",="0",="0",="0",="0",="0",="0",="0",="0",="0",="0",="0",="0",="0",="0",="0",="0",="0",="0",="0",="0",="0",="0",="0",="0",="0",="0",="0",="0",="0",="0",="0",="0",="0",="0",="0",="0",="0",="0"
="ILA2/3",="0",="0",="0",="0",="0",="0",="0",="0",="0",="0",="0",="0",="0",="0",="0",="0",="0",="0",="0",="8",="0",="3",="0",="0",="0",="0",="0",="0",="0",="0",="0",="0",="0",="0",="0",="0",="0",="0",="0",="0",="0",="0",="0",="0",="0",="0",="0",="0",="0",="0",="0",="0",="0",="0",="0",="0",="0",="0",="0",="0",="0",="0",="0",="0"
="VISpl1",="0",="0",="0",="0",="0",="0",="0",="0",="0",="0",="0",="0",="0",="0",="0",="0",="0",="0",="0",="0",="0",="0",="0",="3",="0",="0",="0",="0",="0",="0",="0",="0",="0",="0",="0",="4",="0",="0",="5",="1",="1",="0",="0",="0",="0",="0",="1",="0",="0",="0",="3",="0",="0",="0",="0",="0",="0",="0",="0",="2",="0",="0",="0",="0"
="VISpl6a",="0",="0",="0",="0",="0",="0",="0",="0",="0",="0",="0",="0",="0",="0",="0",="0",="0",="0",="0",="0",="0",="0",="0",="0",="0",="0",="0",="0",="0",="0",="0",="0",="0",="0",="0",="0",="0",="0",="0",="0",="0",="0",="0",="0",="0",="0",="0",="0",="0",="0",="0",="0",="0",="0",="9",="0",="2",="0",="0",="0",="0",="0",="0",="0"
="ENTl1",="0",="0",="0",="0",="0",="0",="0",="0",="0",="0",="0",="0",="0",="0",="0",="0",="0",="0",="0",="0",="0",="0",="0",="0",="5",="0",="0",="0",="0",="0",="0",="0",="0",="0",="0",="0",="0",="0",="0",="0",="0",="0",="0",="0",="0",="0",="0",="0",="0",="0",="0",="0",="0",="0",="0",="0",="0",="0",="0",="0",="0",="0",="0",="0"
="ENTl2",="0",="0",="0",="0",="0",="0",="0",="0",="0",="0",="0",="0",="0",="0",="0",="0",="0",="0",="0",="0",="0",="0",="0",="0",="5",="0",="0",="0",="0",="0",="0",="0",="0",="0",="0",="0",="0",="0",="2",="0",="0",="0",="0",="0",="0",="0",="0",="0",="0",="0",="0",="0",="0",="0",="0",="0",="0",="0",="0",="0",="0",="0",="0",="0"
="ENTl3",="0",="0",="0",="0",="0",="0",="0",="0",="0",="0",="0",="0",="0",="0",="0",="0",="0",="0",="0",="0",="0",="0",="0",="0",="3",="0",="0",="0",="0",="0",="0",="0",="0",="0",="0",="0",="0",="0",="0",="0",="2",="0",="0",="0",="0",="0",="0",="2",="0",="0",="0",="0",="0",="0",="0",="0",="0",="0",="0",="0",="0",="0",="0",="0"
="ENTl5",="0",="0",="0",="0",="0",="0",="0",="0",="0",="0",="0",="0",="0",="0",="0",="0",="0",="0",="0",="0",="0",="0",="0",="0",="2",="0",="0",="0",="0",="0",="0",="0",="0",="0",="0",="0",="0",="0",="0",="0",="2",="0",="0",="0",="0",="0",="0",="0",="1",="0",="0",="0",="0",="0",="8",="0",="0",="0",="0",="0",="0",="0",="0",="0"
="ENTm1",="0",="0",="0",="0",="0",="0",="0",="0",="0",="0",="0",="0",="0",="0",="0",="0",="0",="0",="0",="0",="0",="0",="0",="0",="3",="0",="0",="0",="0",="0",="0",="0",="0",="0",="0",="0",="0",="0",="0",="0",="0",="0",="0",="0",="0",="0",="0",="0",="0",="0",="0",="0",="0",="0",="0",="0",="0",="0",="0",="0",="0",="0",="0",="0"
="ENTm2",="0",="0",="0",="0",="0",="0",="0",="0",="0",="0",="0",="0",="0",="0",="0",="0",="0",="0",="0",="0",="0",="0",="0",="0",="0",="0",="0",="0",="0",="0",="0",="0",="0",="2",="0",="0",="0",="0",="0",="0",="0",="0",="0",="0",="0",="0",="0",="0",="0",="0",="0",="0",="0",="0",="0",="0",="0",="0",="0",="0",="0",="0",="0",="0"
="VISli6a",="0",="0",="0",="0",="0",="0",="0",="0",="0",="0",="0",="0",="0",="0",="0",="0",="0",="0",="0",="0",="0",="0",="0",="0",="0",="0",="0",="0",="0",="0",="0",="0",="0",="0",="0",="0",="0",="0",="0",="1",="0",="0",="0",="0",="0",="0",="0",="0",="0",="2",="0",="0",="0",="0",="0",="1",="0",="0",="0",="0",="0",="0",="0",="0"
="SEZ",="0",="0",="0",="0",="0",="0",="0",="0",="0",="0",="0",="0",="0",="0",="0",="0",="0",="0",="0",="0",="0",="0",="0",="0",="0",="0",="1",="0",="0",="0",="0",="0",="0",="0",="0",="0",="0",="0",="0",="0",="0",="0",="0",="0",="0",="0",="0",="0",="0",="0",="0",="0",="0",="0",="0",="0",="0",="0",="0",="0",="0",="0",="0",="0"
="SCzo",="0",="0",="0",="0",="0",="0",="0",="0",="0",="0",="0",="0",="0",="0",="0",="0",="0",="0",="0",="0",="0",="0",="0",="0",="0",="0",="0",="1",="0",="0",="0",="0",="0",="0",="0",="0",="0",="0",="0",="0",="0",="0",="0",="0",="1",="0",="0",="0",="0",="0",="0",="0",="0",="0",="0",="0",="0",="0",="0",="0",="0",="0",="0",="0"
="dhc",="0",="0",="0",="0",="0",="0",="0",="0",="0",="0",="0",="0",="0",="0",="0",="0",="0",="0",="0",="0",="0",="0",="0",="0",="0",="0",="0",="0",="0",="0",="0",="0",="0",="0",="0",="0",="0",="0",="0",="0",="0",="0",="0",="0",="0",="0",="0",="0",="0",="0",="1",="0",="0",="0",="0",="0",="0",="0",="0",="0",="0",="0",="0",="0"
="alv",="0",="0",="0",="0",="0",="0",="0",="0",="0",="0",="0",="0",="0",="0",="0",="0",="0",="0",="0",="0",="0",="0",="0",="0",="0",="0",="0",="0",="0",="0",="0",="0",="0",="0",="0",="0",="0",="0",="0",="0",="0",="1",="0",="0",="0",="0",="0",="0",="0",="0",="0",="0",="0",="0",="0",="0",="0",="0",="0",="0",="0",="0",="0",="0"
="ENTl6a",="0",="0",="0",="0",="0",="0",="0",="0",="0",="0",="0",="0",="0",="0",="0",="0",="0",="0",="0",="0",="0",="0",="0",="0",="0",="0",="0",="0",="0",="0",="0",="0",="0",="0",="0",="0",="0",="0",="0",="0",="0",="0",="0",="0",="0",="0",="0",="0",="4",="0",="0",="0",="0",="0",="10",="1",="0",="0",="0",="0",="0",="0",="0",="0"
="VISli6b",="0",="0",="0",="0",="0",="0",="0",="0",="0",="0",="0",="0",="0",="0",="0",="0",="0",="0",="0",="0",="0",="0",="0",="0",="0",="0",="0",="0",="0",="0",="0",="0",="0",="0",="0",="0",="0",="0",="0",="0",="0",="0",="0",="0",="0",="0",="0",="0",="0",="0",="0",="0",="0",="0",="0",="0",="0",="0",="0",="0",="0",="0",="0",="0"
="ENTm5",="0",="0",="0",="0",="0",="0",="0",="0",="0",="0",="0",="0",="0",="0",="0",="0",="0",="0",="0",="0",="0",="0",="0",="0",="0",="0",="0",="0",="0",="0",="0",="0",="0",="1",="0",="0",="0",="0",="0",="0",="0",="0",="0",="0",="0",="0",="0",="1",="0",="3",="0",="0",="0",="0",="0",="2",="0",="0",="0",="0",="0",="0",="0",="0"
="ENTm6",="0",="0",="0",="0",="0",="0",="0",="0",="0",="0",="0",="0",="0",="0",="0",="0",="0",="0",="0",="0",="0",="0",="0",="0",="0",="0",="0",="0",="0",="0",="0",="0",="0",="0",="0",="0",="0",="0",="0",="0",="0",="0",="0",="0",="0",="0",="0",="0",="0",="0",="0",="0",="0",="0",="0",="1",="0",="0",="0",="0",="0",="0",="0",="0"
="VISal6b",="0",="0",="0",="0",="0",="0",="0",="0",="0",="0",="0",="0",="0",="0",="0",="0",="0",="0",="0",="0",="0",="0",="0",="0",="0",="0",="0",="0",="0",="0",="0",="0",="0",="1",="0",="0",="0",="0",="0",="0",="0",="0",="0",="0",="0",="0",="0",="0",="0",="0",="0",="0",="0",="0",="0",="0",="1",="0",="0",="0",="0",="0",="0",="0"
="TEa6a",="0",="0",="0",="0",="0",="0",="0",="0",="0",="0",="0",="0",="0",="0",="0",="0",="0",="0",="0",="0",="0",="0",="0",="0",="0",="0",="0",="0",="0",="0",="0",="0",="0",="0",="0",="0",="2",="0",="0",="0",="0",="0",="0",="0",="0",="0",="0",="1",="3",="1",="1",="0",="0",="0",="8",="0",="0",="0",="0",="0",="0",="0",="0",="0"
="SSp-n6a",="0",="0",="0",="0",="0",="0",="0",="0",="0",="0",="0",="0",="0",="0",="0",="0",="0",="0",="0",="0",="0",="0",="0",="0",="0",="0",="0",="0",="0",="0",="0",="0",="0",="0",="0",="0",="0",="0",="0",="0",="0",="0",="0",="0",="0",="0",="0",="0",="0",="0",="0",="0",="0",="0",="0",="0",="0",="0",="0",="0",="0",="0",="0",="0"
="SSp-n6b",="0",="0",="0",="0",="0",="0",="0",="0",="0",="0",="0",="0",="0",="0",="0",="0",="0",="0",="0",="0",="0",="0",="0",="0",="0",="0",="0",="0",="0",="0",="0",="0",="0",="0",="0",="0",="0",="0",="0",="0",="0",="0",="0",="0",="0",="0",="0",="0",="0",="0",="0",="0",="0",="0",="0",="0",="0",="0",="0",="0",="0",="0",="0",="0"
="AUDv5",="0",="0",="0",="0",="0",="0",="0",="0",="0",="0",="0",="0",="0",="0",="0",="0",="0",="0",="0",="0",="0",="0",="0",="0",="0",="0",="0",="0",="0",="0",="0",="0",="0",="0",="0",="0",="0",="0",="0",="0",="0",="0",="0",="0",="0",="0",="0",="0",="0",="0",="1",="0",="0",="0",="1",="0",="0",="0",="0",="0",="0",="0",="0",="0"
="AUDv6a",="0",="0",="0",="0",="0",="0",="0",="0",="0",="0",="0",="0",="0",="0",="0",="0",="0",="0",="0",="0",="0",="0",="0",="0",="0",="0",="0",="0",="0",="0",="0",="0",="0",="0",="0",="0",="0",="0",="0",="0",="0",="0",="0",="0",="0",="0",="0",="0",="0",="0",="0",="0",="0",="0",="2",="0",="0",="0",="0",="0",="0",="0",="0",="0"
="VISpl6b",="0",="0",="0",="0",="0",="0",="0",="0",="0",="0",="0",="0",="0",="0",="0",="0",="0",="0",="0",="0",="0",="0",="0",="0",="0",="0",="0",="0",="0",="0",="0",="0",="0",="0",="0",="0",="0",="0",="0",="0",="0",="0",="0",="0",="0",="0",="0",="0",="0",="0",="0",="0",="0",="0",="0",="0",="0",="0",="0",="0",="0",="0",="0",="0"
="PERI1",="0",="0",="0",="0",="0",="0",="0",="0",="0",="0",="0",="0",="0",="0",="0",="0",="0",="0",="0",="0",="0",="0",="0",="0",="0",="0",="0",="0",="0",="0",="0",="0",="0",="0",="0",="2",="0",="0",="0",="0",="0",="0",="0",="0",="0",="0",="0",="0",="0",="0",="0",="0",="0",="0",="0",="0",="0",="0",="0",="0",="0",="0",="0",="0"
="PERI2/3",="0",="0",="0",="0",="0",="0",="0",="0",="0",="0",="0",="0",="0",="0",="0",="0",="0",="0",="0",="0",="0",="0",="0",="0",="0",="0",="0",="0",="0",="0",="0",="0",="0",="0",="0",="2",="0",="0",="6",="0",="1",="0",="0",="0",="0",="0",="0",="0",="0",="0",="0",="0",="0",="0",="0",="0",="0",="0",="0",="0",="0",="0",="0",="0"
="ECT1",="0",="0",="0",="0",="0",="0",="0",="0",="0",="0",="0",="0",="0",="0",="0",="0",="0",="0",="0",="0",="0",="0",="0",="0",="0",="0",="0",="0",="0",="0",="0",="0",="0",="0",="0",="0",="0",="0",="0",="0",="0",="0",="0",="0",="0",="0",="0",="0",="0",="0",="0",="0",="0",="0",="0",="0",="0",="0",="0",="0",="0",="0",="0",="0"
="ECT2/3",="0",="0",="0",="0",="0",="0",="0",="0",="0",="0",="0",="0",="0",="0",="0",="0",="0",="0",="0",="0",="0",="0",="0",="0",="0",="0",="0",="0",="0",="0",="0",="0",="0",="0",="0",="3",="0",="0",="0",="0",="0",="0",="0",="0",="0",="0",="0",="0",="0",="0",="0",="0",="0",="0",="0",="0",="0",="0",="0",="0",="0",="0",="0",="0"
="ECT5",="0",="0",="0",="0",="0",="0",="0",="0",="0",="0",="0",="0",="0",="0",="0",="0",="0",="0",="0",="0",="0",="0",="0",="0",="0",="0",="0",="0",="0",="0",="0",="0",="0",="0",="0",="7",="0",="0",="0",="0",="0",="0",="0",="0",="0",="0",="0",="0",="0",="0",="0",="0",="0",="0",="4",="0",="0",="0",="0",="0",="0",="0",="0",="0"
="SSp-ul6b",="0",="0",="0",="0",="0",="0",="0",="0",="0",="0",="0",="0",="0",="0",="0",="0",="0",="0",="0",="0",="0",="0",="0",="0",="0",="0",="0",="0",="0",="0",="0",="0",="0",="0",="0",="0",="0",="0",="0",="0",="0",="0",="0",="0",="0",="0",="0",="0",="0",="0",="0",="0",="0",="0",="0",="0",="0",="0",="0",="0",="0",="0",="0",="0"
="VISpor4",="0",="0",="0",="0",="0",="0",="0",="0",="0",="0",="0",="0",="0",="0",="0",="0",="0",="0",="0",="0",="0",="0",="0",="0",="0",="0",="0",="0",="0",="0",="0",="0",="0",="0",="0",="0",="0",="2",="0",="0",="0",="0",="0",="0",="0",="0",="0",="0",="0",="0",="0",="0",="0",="0",="0",="0",="0",="0",="0",="0",="0",="0",="0",="0"
="PERI5",="0",="0",="0",="0",="0",="0",="0",="0",="0",="0",="0",="0",="0",="0",="0",="0",="0",="0",="0",="0",="0",="0",="0",="0",="0",="0",="0",="0",="0",="0",="0",="0",="0",="0",="0",="0",="0",="0",="1",="0",="2",="0",="0",="0",="0",="0",="0",="0",="0",="0",="0",="0",="0",="0",="0",="0",="0",="0",="0",="0",="0",="0",="0",="0"
="ec",="0",="0",="0",="0",="0",="0",="0",="0",="0",="0",="0",="0",="0",="0",="0",="0",="0",="0",="0",="0",="0",="0",="0",="0",="0",="0",="0",="0",="0",="0",="0",="0",="0",="0",="0",="0",="0",="0",="0",="0",="0",="0",="0",="0",="0",="0",="0",="0",="0",="0",="0",="0",="0",="0",="0",="0",="0",="0",="0",="0",="0",="0",="0",="0"
="TEa6b",="0",="0",="0",="0",="0",="0",="0",="0",="0",="0",="0",="0",="0",="0",="0",="0",="0",="0",="0",="0",="0",="0",="0",="0",="0",="0",="0",="0",="0",="0",="0",="0",="0",="0",="0",="0",="0",="0",="0",="0",="0",="0",="0",="0",="0",="0",="0",="0",="0",="0",="0",="0",="0",="0",="1",="0",="0",="0",="0",="0",="0",="0",="0",="0"
="ORBl1",="0",="0",="0",="0",="0",="0",="0",="0",="0",="0",="0",="0",="0",="0",="0",="0",="0",="0",="0",="0",="0",="0",="0",="0",="0",="0",="0",="0",="0",="0",="0",="0",="0",="0",="0",="0",="0",="0",="0",="0",="13",="5",="0",="0",="0",="0",="0",="0",="21",="10",="0",="0",="0",="0",="0",="19",="0",="0",="0",="0",="0",="0",="0",="0"
="ORBl2/3",="0",="0",="0",="0",="0",="0",="0",="0",="0",="0",="0",="0",="0",="0",="0",="0",="0",="0",="0",="0",="0",="0",="0",="0",="0",="0",="0",="0",="0",="0",="0",="0",="0",="0",="0",="0",="0",="0",="0",="0",="4",="1",="0",="0",="0",="0",="0",="0",="3",="4",="0",="0",="0",="0",="0",="15",="0",="0",="0",="0",="0",="0",="0",="0"
="AOBgl",="0",="0",="0",="0",="0",="0",="0",="0",="0",="0",="0",="0",="0",="0",="0",="0",="0",="0",="0",="0",="0",="0",="0",="0",="0",="0",="0",="0",="0",="0",="0",="0",="0",="0",="0",="0",="0",="0",="0",="0",="2",="0",="0",="0",="0",="0",="0",="0",="0",="0",="0",="0",="0",="0",="0",="0",="0",="0",="0",="0",="0",="0",="0",="0"
="ORBl5",="0",="0",="0",="0",="0",="0",="0",="0",="0",="0",="0",="0",="0",="0",="0",="0",="0",="0",="0",="0",="0",="0",="0",="0",="0",="0",="0",="0",="0",="0",="0",="0",="0",="0",="0",="0",="0",="0",="0",="0",="0",="0",="0",="0",="0",="0",="0",="0",="1",="0",="0",="0",="0",="0",="0",="1",="0",="0",="0",="0",="0",="0",="0",="0"
="ORBl6a",="0",="0",="0",="0",="0",="0",="0",="0",="0",="0",="0",="0",="0",="0",="0",="0",="0",="0",="0",="0",="0",="0",="0",="0",="0",="0",="0",="0",="0",="0",="0",="0",="0",="0",="0",="0",="0",="0",="0",="0",="0",="0",="0",="0",="0",="0",="0",="0",="0",="0",="0",="0",="0",="0",="0",="0",="0",="0",="0",="0",="0",="0",="0",="0"
="ORBl6b",="0",="0",="0",="0",="0",="0",="0",="0",="0",="0",="0",="0",="0",="0",="0",="0",="0",="0",="0",="0",="0",="0",="0",="0",="0",="0",="0",="0",="0",="0",="0",="0",="0",="0",="0",="0",="0",="0",="0",="0",="0",="0",="0",="0",="0",="0",="0",="0",="0",="1",="0",="0",="0",="0",="0",="0",="0",="0",="0",="0",="0",="0",="0",="0"
="ORBvl6a",="0",="0",="0",="0",="0",="0",="0",="0",="0",="0",="0",="0",="0",="0",="0",="0",="0",="0",="0",="0",="0",="0",="0",="0",="0",="0",="0",="0",="0",="0",="0",="0",="0",="0",="0",="0",="0",="0",="0",="0",="0",="0",="0",="0",="0",="0",="0",="0",="0",="0",="0",="0",="0",="0",="0",="0",="0",="1",="0",="0",="0",="0",="0",="0"
="ILA6b",="0",="0",="0",="0",="0",="0",="0",="0",="0",="0",="0",="0",="0",="0",="0",="0",="0",="0",="0",="0",="0",="0",="0",="0",="0",="0",="0",="0",="0",="0",="0",="0",="0",="0",="0",="0",="0",="0",="0",="0",="0",="0",="0",="0",="1",="0",="0",="0",="0",="0",="0",="0",="0",="0",="0",="0",="0",="0",="0",="0",="0",="0",="0",="0"
="SSp-ll6b",="0",="0",="0",="0",="0",="0",="0",="0",="0",="0",="0",="0",="0",="0",="0",="0",="0",="0",="0",="0",="0",="0",="0",="0",="0",="0",="0",="0",="0",="0",="0",="0",="0",="0",="0",="0",="0",="0",="0",="0",="0",="0",="0",="0",="0",="0",="0",="0",="0",="0",="0",="0",="0",="0",="0",="0",="0",="0",="0",="0",="0",="0",="0",="0"
="PL6b",="0",="0",="0",="0",="0",="0",="0",="0",="0",="0",="0",="0",="0",="0",="0",="0",="0",="0",="0",="0",="0",="0",="0",="0",="0",="0",="0",="0",="0",="0",="0",="0",="0",="0",="0",="0",="0",="0",="0",="0",="0",="0",="0",="0",="0",="0",="0",="0",="0",="0",="0",="0",="0",="0",="0",="0",="0",="0",="0",="0",="0",="0",="0",="0"
="PERI6a",="0",="0",="0",="0",="0",="0",="0",="0",="0",="0",="0",="0",="0",="0",="0",="0",="0",="0",="0",="0",="0",="0",="0",="0",="0",="0",="0",="0",="0",="0",="0",="0",="0",="0",="0",="0",="0",="0",="0",="0",="0",="0",="0",="0",="0",="0",="0",="0",="0",="0",="0",="0",="0",="0",="1",="0",="0",="0",="0",="0",="0",="0",="0",="0"
="ECT6a",="0",="0",="0",="0",="0",="0",="0",="0",="0",="0",="0",="0",="0",="0",="0",="0",="0",="0",="0",="0",="0",="0",="0",="0",="0",="0",="0",="0",="0",="0",="0",="0",="0",="0",="0",="0",="0",="0",="0",="0",="0",="0",="0",="0",="0",="0",="0",="0",="0",="0",="0",="0",="0",="0",="5",="0",="0",="0",="0",="0",="0",="0",="0",="0"
="AUDpo6b",="0",="0",="0",="0",="0",="0",="0",="0",="0",="0",="0",="0",="0",="0",="0",="0",="0",="0",="0",="0",="0",="0",="0",="0",="0",="0",="0",="0",="0",="0",="0",="0",="0",="0",="0",="0",="0",="0",="0",="0",="0",="0",="0",="0",="0",="0",="0",="0",="0",="0",="0",="0",="0",="0",="0",="0",="0",="0",="0",="0",="0",="0",="0",="0"
="ORBvl6b",="0",="0",="0",="0",="0",="0",="0",="0",="0",="0",="0",="0",="0",="0",="0",="0",="0",="0",="0",="0",="0",="0",="0",="0",="0",="0",="0",="0",="0",="0",="0",="0",="0",="0",="0",="0",="0",="0",="0",="0",="0",="0",="0",="0",="0",="0",="0",="0",="0",="0",="0",="0",="0",="0",="0",="0",="0",="0",="0",="0",="0",="0",="0",="0"
="ar",="0",="0",="0",="0",="0",="0",="0",="0",="0",="0",="0",="0",="0",="0",="0",="0",="0",="0",="0",="0",="0",="0",="0",="0",="0",="0",="0",="0",="0",="0",="0",="0",="0",="0",="0",="0",="0",="0",="0",="0",="0",="0",="0",="0",="0",="0",="0",="0",="1",="0",="0",="0",="0",="0",="0",="0",="0",="0",="0",="0",="0",="0",="0",="0"
="SSp-ll1",="0",="0",="0",="0",="0",="0",="0",="0",="0",="0",="0",="0",="0",="0",="0",="0",="0",="0",="0",="0",="0",="0",="0",="0",="0",="0",="0",="0",="0",="0",="0",="0",="0",="0",="0",="0",="0",="0",="0",="0",="0",="0",="0",="0",="0",="0",="0",="0",="0",="0",="0",="0",="0",="0",="0",="0",="0",="0",="0",="0",="0",="0",="0",="0"
="AUDv6b",="0",="0",="0",="0",="0",="0",="0",="0",="0",="0",="0",="0",="0",="0",="0",="0",="0",="0",="0",="0",="0",="0",="0",="0",="0",="0",="0",="0",="0",="0",="0",="0",="0",="0",="0",="0",="0",="0",="0",="0",="0",="0",="0",="0",="0",="0",="0",="0",="0",="0",="0",="0",="0",="0",="1",="0",="0",="0",="0",="0",="0",="0",="0",="0"
="FRP1",="0",="0",="0",="0",="0",="0",="0",="0",="0",="0",="0",="0",="0",="0",="0",="0",="0",="0",="0",="0",="0",="0",="0",="0",="0",="0",="0",="0",="0",="0",="0",="0",="0",="0",="0",="0",="0",="0",="0",="0",="0",="0",="0",="0",="0",="0",="0",="0",="0",="0",="0",="0",="0",="0",="0",="1",="0",="0",="0",="0",="0",="0",="0",="0"
="MGm",="0",="0",="0",="0",="0",="0",="0",="0",="0",="0",="0",="0",="0",="0",="0",="0",="0",="0",="0",="0",="0",="0",="0",="0",="0",="0",="0",="0",="0",="0",="0",="0",="0",="0",="0",="0",="0",="0",="0",="0",="0",="0",="0",="0",="0",="0",="0",="0",="0",="0",="0",="0",="0",="0",="0",="0",="0",="0",="0",="0",="0",="0",="0",="0"
="PoT",="0",="0",="0",="0",="0",="0",="0",="0",="0",="0",="0",="0",="0",="0",="0",="0",="0",="0",="0",="0",="0",="0",="0",="0",="0",="0",="0",="0",="0",="0",="0",="0",="0",="0",="0",="0",="0",="0",="0",="0",="0",="0",="0",="0",="0",="0",="0",="0",="0",="0",="0",="0",="0",="0",="0",="0",="0",="0",="0",="0",="0",="0",="0",="0"
="LP",="0",="0",="0",="0",="0",="0",="0",="0",="0",="0",="0",="0",="0",="0",="0",="0",="0",="0",="0",="0",="0",="0",="0",="0",="0",="0",="0",="0",="0",="0",="0",="0",="0",="0",="0",="0",="0",="0",="0",="0",="0",="0",="0",="0",="0",="0",="0",="0",="0",="0",="0",="0",="0",="0",="0",="0",="0",="0",="0",="0",="0",="1",="9",="20"
="PO",="0",="0",="0",="0",="0",="0",="0",="0",="0",="0",="0",="0",="0",="0",="0",="0",="0",="0",="0",="0",="0",="0",="0",="0",="0",="0",="0",="0",="0",="0",="0",="0",="0",="0",="0",="0",="0",="0",="0",="0",="0",="0",="0",="0",="0",="0",="0",="0",="0",="0",="0",="0",="0",="0",="0",="0",="0",="0",="0",="0",="0",="0",="0",="3"
="POL",="0",="0",="0",="0",="0",="0",="0",="0",="0",="0",="0",="0",="0",="0",="0",="0",="0",="0",="0",="0",="0",="0",="0",="0",="0",="0",="0",="0",="0",="0",="0",="0",="0",="0",="0",="0",="0",="0",="0",="0",="0",="0",="0",="0",="0",="0",="0",="0",="0",="0",="0",="0",="0",="0",="0",="0",="0",="0",="0",="0",="0",="0",="0",="1"
="Eth",="0",="0",="0",="0",="0",="0",="0",="0",="0",="0",="0",="0",="0",="0",="0",="0",="0",="0",="0",="0",="0",="0",="0",="0",="0",="0",="0",="0",="0",="0",="0",="0",="0",="0",="0",="0",="0",="0",="0",="0",="0",="0",="0",="0",="0",="0",="0",="0",="0",="0",="0",="0",="0",="0",="0",="0",="0",="0",="0",="0",="0",="0",="0",="0"
="CL",="0",="0",="0",="0",="0",="0",="0",="0",="0",="0",="0",="0",="0",="0",="0",="0",="0",="0",="0",="0",="0",="0",="0",="0",="0",="0",="0",="0",="0",="0",="0",="0",="0",="0",="0",="0",="0",="0",="0",="0",="0",="0",="0",="0",="0",="0",="0",="0",="0",="0",="0",="0",="0",="0",="0",="0",="0",="0",="0",="0",="0",="0",="0",="0"
="PF",="0",="0",="0",="0",="0",="0",="0",="0",="0",="0",="0",="0",="0",="0",="0",="0",="0",="0",="0",="0",="0",="0",="0",="0",="0",="0",="0",="0",="0",="0",="0",="0",="0",="0",="0",="0",="0",="0",="0",="0",="0",="0",="0",="0",="0",="0",="0",="0",="0",="0",="0",="0",="0",="0",="0",="0",="0",="0",="0",="0",="0",="0",="0",="0"
="IGL",="0",="0",="0",="0",="0",="0",="0",="0",="0",="0",="0",="0",="0",="0",="0",="0",="0",="0",="0",="0",="0",="0",="0",="0",="0",="0",="0",="0",="0",="0",="0",="0",="0",="0",="0",="0",="0",="0",="0",="0",="0",="0",="0",="0",="0",="0",="0",="0",="0",="0",="0",="0",="0",="0",="0",="0",="0",="0",="0",="0",="0",="0",="0",="0"
="IntG",="0",="0",="0",="0",="0",="0",="0",="0",="0",="0",="0",="0",="0",="0",="0",="0",="0",="0",="0",="0",="0",="0",="0",="0",="0",="0",="0",="0",="0",="0",="0",="0",="0",="0",="0",="0",="0",="0",="0",="0",="0",="0",="0",="0",="0",="0",="0",="0",="0",="0",="0",="0",="0",="0",="0",="0",="0",="0",="0",="0",="0",="0",="0",="0"
="SubG",="0",="0",="0",="0",="0",="0",="0",="0",="0",="0",="0",="0",="0",="0",="0",="0",="0",="0",="0",="0",="0",="0",="0",="0",="0",="0",="0",="0",="0",="0",="0",="0",="0",="0",="0",="0",="0",="0",="0",="0",="0",="0",="0",="0",="0",="0",="0",="0",="0",="0",="0",="0",="0",="0",="0",="0",="0",="0",="0",="0",="0",="0",="0",="0"
="LH",="0",="0",="0",="0",="0",="0",="0",="0",="0",="0",="0",="0",="0",="0",="0",="0",="0",="0",="0",="0",="0",="0",="0",="0",="0",="0",="0",="0",="0",="0",="0",="0",="0",="0",="0",="0",="0",="0",="0",="0",="0",="0",="0",="0",="0",="0",="0",="0",="0",="0",="0",="0",="0",="0",="0",="0",="0",="0",="0",="0",="0",="1",="0",="0"
="GPe",="0",="0",="0",="0",="0",="0",="0",="0",="0",="0",="0",="0",="0",="0",="0",="0",="0",="0",="0",="0",="0",="0",="0",="0",="0",="0",="0",="0",="0",="0",="0",="0",="0",="0",="0",="0",="0",="0",="0",="0",="0",="0",="0",="0",="0",="0",="0",="0",="0",="0",="0",="0",="0",="0",="0",="0",="0",="0",="0",="0",="0",="0",="0",="0"
="PP",="0",="0",="0",="0",="0",="0",="0",="0",="0",="0",="0",="0",="0",="0",="0",="0",="0",="0",="0",="0",="0",="0",="0",="0",="0",="0",="0",="0",="0",="0",="0",="0",="0",="0",="0",="0",="0",="0",="0",="0",="0",="0",="0",="0",="0",="0",="0",="0",="0",="0",="0",="0",="0",="0",="0",="0",="0",="0",="0",="0",="0",="0",="0",="0"
="RT",="0",="0",="0",="0",="0",="0",="0",="0",="0",="0",="0",="0",="0",="0",="0",="0",="0",="0",="0",="0",="0",="0",="0",="0",="0",="0",="0",="0",="0",="0",="0",="0",="0",="0",="0",="0",="0",="0",="0",="0",="0",="0",="0",="0",="0",="0",="0",="0",="0",="0",="0",="0",="0",="0",="0",="0",="0",="0",="0",="0",="0",="6",="1",="3"
="SCop",="0",="0",="0",="0",="0",="0",="0",="0",="0",="0",="0",="0",="0",="0",="0",="0",="0",="0",="0",="0",="0",="0",="0",="0",="0",="0",="0",="0",="0",="0",="0",="0",="0",="0",="0",="0",="0",="0",="0",="0",="0",="0",="0",="0",="0",="0",="0",="0",="0",="0",="0",="0",="0",="0",="0",="0",="0",="0",="0",="0",="0",="0",="0",="0"
="ICe",="0",="0",="0",="0",="0",="0",="0",="0",="0",="0",="0",="0",="0",="0",="0",="0",="0",="0",="0",="0",="0",="0",="0",="0",="0",="0",="0",="0",="0",="0",="0",="0",="0",="0",="0",="0",="0",="0",="0",="0",="0",="0",="0",="0",="0",="0",="0",="0",="0",="0",="0",="0",="0",="0",="0",="0",="0",="0",="0",="0",="0",="1",="0",="0"
="SCdg",="0",="0",="0",="0",="0",="0",="0",="0",="0",="0",="0",="0",="0",="0",="0",="0",="0",="0",="0",="0",="0",="0",="0",="0",="0",="0",="0",="0",="0",="0",="0",="0",="0",="0",="0",="0",="0",="0",="0",="0",="0",="0",="0",="0",="0",="0",="0",="0",="0",="0",="0",="0",="0",="0",="0",="0",="0",="0",="0",="0",="0",="7",="1",="0"
="SCdw",="0",="0",="0",="0",="0",="0",="0",="0",="0",="0",="0",="0",="0",="0",="0",="0",="0",="0",="0",="0",="0",="0",="0",="0",="0",="0",="0",="0",="0",="0",="0",="0",="0",="0",="0",="0",="0",="0",="0",="0",="0",="0",="0",="0",="0",="0",="0",="0",="0",="0",="0",="0",="0",="0",="0",="0",="0",="0",="0",="0",="0",="0",="1",="0"
="SCiw",="0",="0",="0",="0",="0",="0",="0",="0",="0",="0",="0",="0",="0",="0",="0",="0",="0",="0",="0",="0",="0",="0",="0",="0",="0",="0",="0",="0",="0",="0",="0",="0",="0",="0",="0",="0",="0",="0",="0",="0",="0",="0",="0",="0",="0",="0",="0",="0",="0",="0",="0",="0",="0",="0",="0",="0",="0",="0",="0",="0",="0",="16",="1",="0"
="PRC",="0",="0",="0",="0",="0",="0",="0",="0",="0",="0",="0",="0",="0",="0",="0",="0",="0",="0",="0",="0",="0",="0",="0",="0",="0",="0",="0",="0",="0",="0",="0",="0",="0",="0",="0",="0",="0",="0",="0",="0",="0",="0",="0",="0",="0",="0",="0",="0",="0",="0",="0",="0",="0",="0",="0",="0",="0",="0",="0",="0",="0",="0",="0",="0"
="APN",="0",="0",="0",="0",="0",="0",="0",="0",="0",="0",="0",="0",="0",="0",="0",="0",="0",="0",="0",="0",="0",="0",="0",="0",="0",="0",="0",="0",="0",="0",="0",="0",="0",="0",="0",="0",="0",="0",="0",="0",="0",="0",="0",="0",="0",="0",="0",="0",="0",="0",="0",="0",="0",="0",="0",="0",="0",="0",="0",="0",="0",="10",="0",="0"
="MPT",="0",="0",="0",="0",="0",="0",="0",="0",="0",="0",="0",="0",="0",="0",="0",="0",="0",="0",="0",="0",="0",="0",="0",="0",="0",="0",="0",="0",="0",="0",="0",="0",="0",="0",="0",="0",="0",="0",="0",="0",="0",="0",="0",="0",="0",="0",="0",="0",="0",="0",="0",="0",="0",="0",="0",="0",="0",="0",="0",="0",="0",="8",="0",="0"
="NOT",="0",="0",="0",="0",="0",="0",="0",="0",="0",="0",="0",="0",="0",="0",="0",="0",="0",="0",="0",="0",="0",="0",="0",="0",="0",="0",="0",="0",="0",="0",="0",="0",="0",="0",="0",="0",="0",="0",="0",="0",="0",="0",="0",="0",="0",="0",="0",="0",="0",="0",="0",="0",="0",="0",="0",="0",="0",="0",="0",="0",="0",="2",="0",="0"
="NPC",="0",="0",="0",="0",="0",="0",="0",="0",="0",="0",="0",="0",="0",="0",="0",="0",="0",="0",="0",="0",="0",="0",="0",="0",="0",="0",="0",="0",="0",="0",="0",="0",="0",="0",="0",="0",="0",="0",="0",="0",="0",="0",="0",="0",="0",="0",="0",="0",="0",="0",="0",="0",="0",="0",="0",="0",="0",="0",="0",="0",="0",="1",="0",="0"
="OP",="0",="0",="0",="0",="0",="0",="0",="0",="0",="0",="0",="0",="0",="0",="0",="0",="0",="0",="0",="0",="0",="0",="0",="0",="0",="0",="0",="0",="0",="0",="0",="0",="0",="0",="0",="0",="0",="0",="0",="0",="0",="0",="0",="0",="0",="0",="0",="0",="0",="0",="0",="0",="0",="0",="0",="0",="0",="0",="0",="0",="0",="1",="0",="0"
="PPT",="0",="0",="0",="0",="0",="0",="0",="0",="0",="0",="0",="0",="0",="0",="0",="0",="0",="0",="0",="0",="0",="0",="0",="0",="0",="0",="0",="0",="0",="0",="0",="0",="0",="0",="0",="0",="0",="0",="0",="0",="0",="0",="0",="0",="0",="0",="0",="0",="0",="0",="0",="0",="0",="0",="0",="0",="0",="0",="0",="0",="0",="5",="14",="0"
="PG",="0",="0",="0",="0",="0",="0",="0",="0",="0",="0",="0",="0",="0",="0",="0",="0",="0",="0",="0",="0",="0",="0",="0",="0",="0",="0",="0",="0",="0",="0",="0",="0",="0",="0",="0",="0",="0",="0",="0",="0",="0",="0",="0",="0",="0",="0",="0",="0",="0",="0",="0",="0",="0",="0",="0",="0",="0",="0",="0",="0",="0",="6",="16",="0"
="TRN",="0",="0",="0",="0",="0",="0",="0",="0",="0",="0",="0",="0",="0",="0",="0",="0",="0",="0",="0",="0",="0",="0",="0",="0",="0",="0",="0",="0",="0",="0",="0",="0",="0",="0",="0",="0",="0",="0",="0",="0",="0",="0",="0",="0",="0",="0",="0",="0",="0",="0",="0",="0",="0",="0",="0",="0",="0",="0",="0",="0",="0",="1",="1",="0"
="PRNr",="0",="0",="0",="0",="0",="0",="0",="0",="0",="0",="0",="0",="0",="0",="0",="0",="0",="0",="0",="0",="0",="0",="0",="0",="0",="0",="0",="0",="0",="0",="0",="0",="0",="0",="0",="0",="0",="0",="0",="0",="0",="0",="0",="0",="0",="0",="0",="0",="0",="0",="0",="0",="0",="0",="0",="0",="0",="0",="0",="0",="0",="2",="0",="0"
="SAG",="0",="0",="0",="0",="0",="0",="0",="0",="0",="0",="0",="0",="0",="0",="0",="0",="0",="0",="0",="0",="0",="0",="0",="0",="0",="0",="0",="0",="0",="0",="0",="0",="0",="0",="0",="0",="0",="0",="0",="0",="0",="0",="0",="0",="0",="0",="0",="0",="0",="0",="0",="0",="0",="0",="0",="0",="0",="0",="0",="0",="0",="0",="0",="0"
="PBG",="0",="0",="0",="0",="0",="0",="0",="0",="0",="0",="0",="0",="0",="0",="0",="0",="0",="0",="0",="0",="0",="0",="0",="0",="0",="0",="0",="0",="0",="0",="0",="0",="0",="0",="0",="0",="0",="0",="0",="0",="0",="0",="0",="0",="0",="0",="0",="0",="0",="0",="0",="0",="0",="0",="0",="0",="0",="0",="0",="0",="0",="0",="0",="0"
="SNr",="0",="0",="0",="0",="0",="0",="0",="0",="0",="0",="0",="0",="0",="0",="0",="0",="0",="0",="0",="0",="0",="0",="0",="0",="0",="0",="0",="0",="0",="0",="0",="0",="0",="0",="0",="0",="0",="0",="0",="0",="0",="0",="0",="0",="0",="0",="0",="0",="0",="0",="0",="0",="0",="0",="0",="0",="0",="0",="0",="0",="0",="0",="0",="0"
="LT",="0",="0",="0",="0",="0",="0",="0",="0",="0",="0",="0",="0",="0",="0",="0",="0",="0",="0",="0",="0",="0",="0",="0",="0",="0",="0",="0",="0",="0",="0",="0",="0",="0",="0",="0",="0",="0",="0",="0",="0",="0",="0",="0",="0",="0",="0",="0",="0",="0",="0",="0",="0",="0",="0",="0",="0",="0",="0",="0",="0",="0",="0",="0",="0"
="PPN",="0",="0",="0",="0",="0",="0",="0",="0",="0",="0",="0",="0",="0",="0",="0",="0",="0",="0",="0",="0",="0",="0",="0",="0",="0",="0",="0",="0",="0",="0",="0",="0",="0",="0",="0",="0",="0",="0",="0",="0",="0",="0",="0",="0",="0",="0",="0",="0",="0",="0",="0",="0",="0",="0",="0",="0",="0",="0",="0",="0",="0",="0",="0",="0"
="tb",="0",="0",="0",="0",="0",="0",="0",="0",="0",="0",="0",="0",="0",="0",="0",="0",="0",="0",="0",="0",="0",="0",="0",="0",="0",="0",="0",="0",="0",="0",="0",="0",="0",="0",="0",="0",="0",="0",="0",="0",="0",="0",="0",="0",="0",="0",="0",="0",="0",="0",="0",="0",="0",="0",="0",="0",="0",="0",="0",="0",="0",="0",="0",="0"
="pc",="0",="0",="0",="0",="0",="0",="0",="0",="0",="0",="0",="0",="0",="0",="0",="0",="0",="0",="0",="0",="0",="0",="0",="0",="0",="0",="0",="0",="0",="0",="0",="0",="0",="0",="0",="0",="0",="0",="0",="0",="0",="0",="0",="0",="0",="0",="0",="0",="0",="0",="0",="0",="0",="0",="0",="0",="0",="0",="0",="0",="0",="0",="0",="0"
="int",="0",="0",="0",="0",="0",="0",="0",="0",="0",="0",="0",="0",="0",="0",="0",="0",="0",="0",="0",="0",="0",="0",="0",="0",="0",="0",="0",="0",="0",="0",="0",="0",="0",="0",="0",="0",="0",="0",="0",="0",="0",="0",="0",="0",="0",="0",="0",="0",="0",="0",="0",="0",="0",="0",="0",="0",="0",="0",="0",="0",="0",="0",="0",="3"
="cpd",="0",="0",="0",="0",="0",="0",="0",="0",="0",="0",="0",="0",="0",="0",="0",="0",="0",="0",="0",="0",="0",="0",="0",="0",="0",="0",="0",="0",="0",="0",="0",="0",="0",="0",="0",="0",="0",="0",="0",="0",="0",="0",="0",="0",="0",="0",="0",="0",="0",="0",="0",="0",="0",="0",="0",="0",="0",="0",="0",="0",="0",="0",="0",="0"
="py",="0",="0",="0",="0",="0",="0",="0",="0",="0",="0",="0",="0",="0",="0",="0",="0",="0",="0",="0",="0",="0",="0",="0",="0",="0",="0",="0",="0",="0",="0",="0",="0",="0",="0",="0",="0",="0",="0",="0",="0",="0",="0",="0",="0",="0",="0",="0",="0",="0",="0",="0",="0",="0",="0",="0",="0",="0",="0",="0",="0",="0",="0",="0",="0"
="VPL",="0",="0",="0",="0",="0",="0",="0",="0",="0",="0",="0",="0",="0",="0",="0",="0",="0",="0",="0",="0",="0",="0",="0",="0",="0",="0",="0",="0",="0",="0",="0",="0",="0",="0",="0",="0",="0",="0",="0",="0",="0",="0",="0",="0",="0",="0",="0",="0",="0",="0",="0",="0",="0",="0",="0",="0",="0",="0",="0",="0",="0",="0",="0",="1"
="AMd",="0",="0",="0",="0",="0",="0",="0",="0",="0",="0",="0",="0",="0",="0",="0",="0",="0",="0",="0",="0",="0",="0",="0",="0",="0",="0",="0",="0",="0",="0",="0",="0",="0",="0",="0",="0",="0",="0",="0",="0",="0",="0",="0",="0",="0",="0",="0",="0",="0",="0",="0",="0",="0",="0",="0",="0",="0",="0",="0",="0",="0",="0",="0",="0"
="AMv",="0",="0",="0",="0",="0",="0",="0",="0",="0",="0",="0",="0",="0",="0",="0",="0",="0",="0",="0",="0",="0",="0",="0",="0",="0",="0",="0",="0",="0",="0",="0",="0",="0",="0",="0",="0",="0",="0",="0",="0",="0",="0",="0",="0",="0",="0",="0",="0",="0",="0",="0",="0",="0",="0",="0",="0",="0",="0",="0",="0",="0",="0",="0",="0"
="VAL",="0",="0",="0",="0",="0",="0",="0",="0",="0",="0",="0",="0",="0",="0",="0",="0",="0",="0",="0",="0",="0",="0",="0",="0",="0",="0",="0",="0",="0",="0",="0",="0",="0",="0",="0",="0",="0",="0",="0",="0",="0",="0",="0",="0",="0",="0",="0",="0",="0",="0",="0",="0",="0",="0",="0",="0",="0",="0",="0",="0",="0",="0",="0",="0"
="AV",="0",="0",="0",="0",="0",="0",="0",="0",="0",="0",="0",="0",="0",="0",="0",="0",="0",="0",="0",="0",="0",="0",="0",="0",="0",="0",="0",="0",="0",="0",="0",="0",="0",="0",="0",="0",="0",="0",="0",="0",="0",="0",="0",="0",="0",="0",="0",="0",="0",="0",="0",="0",="0",="0",="0",="0",="0",="0",="0",="0",="0",="0",="3",="0"
="LD",="0",="0",="0",="0",="0",="0",="0",="0",="0",="0",="0",="0",="0",="0",="0",="0",="0",="0",="0",="0",="0",="0",="0",="0",="0",="0",="0",="0",="0",="0",="0",="0",="0",="0",="0",="0",="0",="0",="0",="0",="0",="0",="0",="0",="0",="0",="0",="0",="0",="0",="0",="0",="0",="0",="0",="0",="0",="0",="0",="0",="0",="0",="5",="8"
="RE",="0",="0",="0",="0",="0",="0",="0",="0",="0",="0",="0",="0",="0",="0",="0",="0",="0",="0",="0",="0",="0",="0",="0",="0",="0",="0",="0",="0",="0",="0",="0",="0",="0",="0",="0",="0",="0",="0",="0",="0",="0",="0",="0",="0",="0",="0",="0",="0",="0",="0",="0",="0",="0",="0",="0",="0",="0",="0",="0",="0",="0",="0",="6",="0"
="Xi",="0",="0",="0",="0",="0",="0",="0",="0",="0",="0",="0",="0",="0",="0",="0",="0",="0",="0",="0",="0",="0",="0",="0",="0",="0",="0",="0",="0",="0",="0",="0",="0",="0",="0",="0",="0",="0",="0",="0",="0",="0",="0",="0",="0",="0",="0",="0",="0",="0",="0",="0",="0",="0",="0",="0",="0",="0",="0",="0",="0",="0",="0",="1",="0"
="LHA",="0",="0",="0",="0",="0",="0",="0",="0",="0",="0",="0",="0",="0",="0",="0",="0",="0",="0",="0",="0",="0",="0",="0",="0",="0",="0",="0",="0",="0",="0",="0",="0",="0",="0",="0",="0",="0",="0",="0",="0",="0",="0",="0",="0",="0",="0",="0",="0",="0",="0",="0",="0",="0",="0",="0",="0",="0",="0",="0",="0",="0",="0",="2",="0"
="em",="0",="0",="0",="0",="0",="0",="0",="0",="0",="0",="0",="0",="0",="0",="0",="0",="0",="0",="0",="0",="0",="0",="0",="0",="0",="0",="0",="0",="0",="0",="0",="0",="0",="0",="0",="0",="0",="0",="0",="0",="0",="0",="0",="0",="0",="0",="0",="0",="0",="0",="0",="0",="0",="0",="0",="0",="0",="0",="0",="0",="0",="0",="0",="0"
="nst",="0",="0",="0",="0",="0",="0",="0",="0",="0",="0",="0",="0",="0",="0",="0",="0",="0",="0",="0",="0",="0",="0",="0",="0",="0",="0",="0",="0",="0",="0",="0",="0",="0",="0",="0",="0",="0",="0",="0",="0",="0",="0",="0",="0",="0",="0",="0",="0",="0",="0",="0",="0",="0",="0",="0",="0",="0",="0",="0",="0",="0",="0",="0",="0"
="VPM",="0",="0",="0",="0",="0",="0",="0",="0",="0",="0",="0",="0",="0",="0",="0",="0",="0",="0",="0",="0",="0",="0",="0",="0",="0",="0",="0",="0",="0",="0",="0",="0",="0",="0",="0",="0",="0",="0",="0",="0",="0",="0",="0",="0",="0",="0",="0",="0",="0",="0",="0",="0",="0",="0",="0",="0",="0",="0",="0",="0",="0",="0",="0",="0"